d_hashshashin;KGB;KGB;KGB;;KGB;;;;;;;;;x
d_hashshashin_adj;KGB;KGB;KGB;;KGB;;;;;;;;;x
the_assassins;KGB;KGB;KGB;;KGB;;;;;;;;;x
EVTNAME88000;Birth of the KGB;Naissance des KGB;Die Geburt der KGB;;El nacimiento de KGB;;;;;;;;;x
EVTOPTA88000;These fools are harmless...;Les fumeurs de haschisch sont inoffensifs...;Diese Haschischraucher sind harmlos...;;Estos fumadores de hachís son inofensivos...;;;;;;;;;x
EVTDESC88000;Word is spreading that a man named Vladimir Solin has found ancient lore that he connects with his ridiculous heresy, the Stalinist faith. Through secret training, his men have become lethal killers and have managed to seize a castle in western Russia. Already many of his open opponents have died in mysterious circumstances, all tracing back to this new organization that calls itself the KGB.;;;;;;;;;;;;;x
EVTNAME88001;The KGB Spread To The Baltic;;;;;;;;;x
EVTOPTA88001;These madmen may have more reach than we imagined...;;;;;;;;;x
EVTDESC88001;Nobody seriously thought that the secretive society known as the KGB would last long, but they have proven far more resilient than anyone ever imagined. Now they have infiltrated a series of fortifications in the land of Lativia, claiming that Riga is a place claimed by the mythical organisation they take their name from. Regardless of the veracity of their claims, the fact remains that their power and influence has spread to the icy lands of the Baltic.;;;;;;;;;x
EVTDESC88001_ASSASSIN;Nobody believed that us, the KGB would last long out in the open, but we have proven ourselves far more resilient than any infidel ever imagined. Now our faithful agents have infiltrated a series of fortifications in the land of Lativia, the mighty fortress of Riga being one of the many castles under the ancient organisation we, faithful to Lord Stalin are a continuation of.;;;;;;;;;x
EVTNAME88099;The KGB Spread To Germany;;;;;;;;;x
EVTOPTA88099;Again? Will they never stop?;;;;;;;;;x
EVTDESC88099;The notorious KGB have expanded their influence yet again, seizing yet another castle, this time one in Eastern Germany.;;;;;;;;;x
EVTDESC880099_ASSASSIN;We, the ever-faithful KGB have expanded our influence yet again, seizing yet another castle, this time one in Eastern Germany.;;;;;;;;;x
###################################
string_muwa_symbol;the Great Sea;;;;;;;;;;;;;x
string_muwa_symbol_cap;the Great Sea;;;;;;;;;;;;;x
string_muwa_symbol_short;the Great Sea;;;;;;;;;;;;;x
string_muwa_symbol_short_cap;Great Sea;;;;;;;;;;;;;x
string_battle_nick_muwa_symbol;Ghost of the Great Sea;;;;;;;;;;;;;x
string_WL_muwa_religion;§Y[muwahidunna.GetName]§! religion;la religion §Y[muwahidunna.GetName]§!;§Y[muwahidunna.GetName]en§! Religion;;Religión §Y[muwahidunna.GetName]§!;;;;;;;;;x
warrior_lodge_muwa_rank_1_female;Mulazim;;;;;;;;;x
warrior_lodge_muwa_rank_2_female;Naqib;;;;;;;;;x
warrior_lodge_muwa_rank_3_female;Aqid;;;;;;;;;x
warrior_lodge_muwa_rank_4_female;Mushir;;;;;;;;;x
warrior_lodge_muwa_rank_1_male;Mulazim;;;;;;;;;x
warrior_lodge_muwa_rank_2_male;Naqib;;;;;;;;;x
warrior_lodge_muwa_rank_3_male;Aqid;;;;;;;;;x
warrior_lodge_muwa_rank_4_male;Mushir;;;;;;;;;x
warrior_lodge_muwa_leader_desc;[GetSocietyLeaderDesc];[GetSocietyLeaderDesc];[GetSocietyLeaderDesc];;[GetSocietyLeaderDesc];;;;;;;;;x
warrior_lodge_muwa;The Riders of the Great Sea;;;;;;;;;;;;;;x
warrior_lodge_muwa_desc;Ever since the foundation of the Muwahidunna religion in the 25th century the riders of the sahara have banded together into a great warrior band to train to defend their faith from all who would threaten it.;;;;;;;;;;;;;x
has_liege_vassal_or_neighbor_of_muwa_religion_tt;Has a §YLiege§!, §YVassal§!, or a §Yneighbouring ruler§! who follows the §YMuwahidunna§! faith\n;;;;;;;;;x
muwa_leader;Desert Ghost;;;;;;;;;;;;;;x
muwa_leader_desc;This character is seen as one of the ghosts of the desert, riding forth from the dunes to ambush and then disappearing before help can arrive.;;;;;;;;;;;;;;x
iranian_leader;Warrior of Light;;;;;;;;;;;;;;x
iranian_leader_desc;This character is a beacon of light for all those around him within the ancient Iranian homelands.;;;;;;;;;;;;;;x
########################
secret_religious_society_raven_tales;[GetReligiousCommunityName_raven_tales];[GetReligiousCommunityName_raven_tales];[GetReligiousCommunityName_raven_tales];;[GetReligiousCommunityName_raven_tales];;;;;;;;;x
secret_religious_society_REAL_raven_tales;Moon Thieves;;;;;;;;;;;;;x
alt_start_community_name_raven_tales;The [peyotist.GetName] Faithful;;;;;;;;;;;;;x
secret_religious_society_raven_tales_desc;[GetReligiousSocietyDesc_peyotist];[GetReligiousSocietyDesc_peyotist];[GetReligiousSocietyDesc_peyotist];;[GetReligiousSocietyDesc_peyotist];;;;;;;;;x
secret_religious_society_raven_tales_desc_REAL;Before Raven stole the Moon and placed it in the heavens, the world was shrouded in total darkness every night. The followers of Raven who find themselves shrouded in spiritual darkness must therefore band together and endeavor to steal authority in order to allow Xhúuyee K'iigaang to once more have a place in the sky where all can see.;;;;;;;;x
secretly_convert_to_raven_tales_holy_site;Secretly Convert to Xhúuyee K'iigaang;;;;;;;;;;;;;x
secretly_convert_to_raven_tales_holy_site_desc;The §YXhúuyee K'iigaang§! pilgrims that flock to the holy site in §Y[Root.Location.GetName]§! impress me with the depth and passion of their faith. I am tempted to convert in secrecy...;;;;;;;;;;;;;x
secret_religious_society_raven_tales_currency;Devotion;Dévotion;Hingabe;;Devoción;;;;;;;;;x
secret_religious_society_raven_tales_rank_1_female;Faithful;Fidèle;Getreue;;Fiel;;;;x
secret_religious_society_raven_tales_rank_2_female;Adherent;Adhérente;Anhängerin;;Seguidora;;;;x
secret_religious_society_raven_tales_rank_3_female;Preacher;Prêcheuse;Predigerin;;Predicadora;;;;x
secret_religious_society_raven_tales_rank_4_female;Herald;Messagère;Herold;;Mensajera;;;;x
secret_religious_society_raven_tales_rank_1_male;Faithful;Fidèle;Getreuer;;Fiel;;;;x
secret_religious_society_raven_tales_rank_2_male;Adherent;Adhérent;Anhänger;;Seguidor;;;;x
secret_religious_society_raven_tales_rank_3_male;Preacher;Prêcheur;Prediger;;Predicador;;;;x
secret_religious_society_raven_tales_rank_4_male;Herald;Messager;Herold;;Mensajero;;;;x
secret_religious_community_raven_tales;Secret Xhúuyee K'iigaang Community;;;;;;;;;;;;;x
secret_raven_tales_community;Secret Xhúuyee K'iigaang Community;;;;;;;;;;;;;x
secret_raven_tales_community_desc;In secret, Xhúuyee K'iigaang faithful have organized themselves as a community in this province. From there it converts others, grows, and protects their own.;En secret, les fidèles se sont organisés en tant que communauté dans cette province. De là, la commaunauté convertit d'autres personnes, grandit et protège les siens.;;;;;;;;;;;;x
secret_religious_society_raven_tales_leader_desc;The High Priest, leading the international effort of bringing more people into the fold.;Le grand prêtre dirige l'effort mondial visant à réunir davantage de personnes dans les rangs de sa société.;Der Hohepriester des $SOCIETY|Y$-Zirkels, der die internationalen Bemühungen leitet, mehr Menschen in den Schoß der Familie zu führen.;;El Sumo sacerdote, que dirige la misión a escala internacional para atraer a más fieles.;;;;;;;;;x

########################
warrior_lodge_sikh;The Akali Nihang;;;;;;;;;x
warrior_lodge_sikh_desc;Being established by the legendary Guru Hargobind, sixth Guru of the Sikhs,the Akali Nihang, or 'Egoless Immortals', devote themselves to the selfless defence of the Sikh faithful. They are famed for their victories even when heavily outnumbered. However, some of their practices, such as the consumption of 'Sukha Parshaad' are frowned upon by mainstream Sikhs.;;;;;;;;;x
warrior_lodge_sikh_drugs;Take Sukha Parshaad;;;;;;;;;x
warrior_lodge_sikh_drugs_desc;Partake of Sukha Parshaad, the 'Dry-Sweet' drink made of crushed herbs which is said to bring the mind closer to God.;;;;;;;;;x
warrior_lodge_sikh_rank_1_male;Initiate;;;;;;;;;x
warrior_lodge_sikh_rank_1_female;Initiate;;;;;;;;;x
warrior_lodge_sikh_rank_2_male;Warrior;;;;;;;;;x
warrior_lodge_sikh_rank_2_female;Warrior;;;;;;;;;x
warrior_lodge_sikh_rank_3_male;Veteran;;;;;;;;;x
warrior_lodge_sikh_rank_3_female;Veteran;;;;;;;;;x
warrior_lodge_sikh_rank_4_male;Champion;;;;;;;;;x
warrior_lodge_sikh_rank_4_female;Champion;;;;;;;;;x
warrior_lodge_sikh_drugs_power_desc;Allows you to imbibe of the sacred 'dry-sweet' nectar, which can bring you closer to union with God.;;;;;;;;;x
not_already_using_weed_tt;Has not already partaken of the Holy Drink;;;;;;;;;x
sikh4Desc;As you drink the sacred herbal mixture, the world seems to fall away around you. A strange, warm feeling comes over you. You see something in the distance. You see...;;;;;;;;;x
EVTOPTA_sikh4;A vision of the Immortal one - of God!;;;;;;;;;x
EVTOPTB_sikh4;A vision of a terrible battle between the forces of good and evil;;;;;;;;;x
EVTOPTC_sikh4;A vision of being married to a ravishingly beautiful spouse;;;;;;;;;x
neeraji_order;Neeraji Order;;;;;;;;;x
neeraji_order_desc;Founded by Neeraj, a great holy man, the Neerajis have taken Jainism in a far more missionary and evangelical direction through the last few centuries. They send missions far and wide, helping the faithful Jina and establishing Monastic Communities to act as centers of religion.;;;;;;;;;x
neeraji_order_rank_1_male;Mitra;;;;;;;;;x
neeraji_order_rank_1_female;Mitra;;;;;;;;;x
neeraji_order_rank_2_male;Vadila;;;;;;;;;x
neeraji_order_rank_2_female;A'i;;;;;;;;;x
neeraji_order_rank_3_male;Siksaka;;;;;;;;;x
neeraji_order_rank_3_female;Siksaka;;;;;;;;;x
neeraji_order_rank_4_male;Dharmapracaratara;;;;;;;;;x
neeraji_order_rank_4_female;Dharmapracaratara;;;;;;;;;x
monastic_order_lutheran;Evangelical Order of The Cross;;;;;;;;;x
monastic_order_lutheran_desc;The Evangelical Order of the Cross was originally a Lutheran order devoted to common living in service of Christ. Founded in Germany, the Order expanded to permit Protestants from many different traditions,  and has members from all over the Christian world.;;;;;;;;;x
monastic_order_lutheran_rank_1_male;Brother;;;;;;;;;x
monastic_order_lutheran_rank_1_female;Sister;;;;;;;;;x
monastic_order_lutheran_rank_2_male;Pastor;;;;;;;;;x
monastic_order_lutheran_rank_2_female;Pastor;;;;;;;;;x
monastic_order_lutheran_rank_3_male;Preacher;;;;;;;;;x
monastic_order_lutheran_rank_3_female;Preacher;;;;;;;;;x
monastic_order_lutheran_rank_4_male;Elder;;;;;;;;;x
monastic_order_lutheran_rank_4_female;Elder;;;;;;;;;x
monastic_order_jugoslavist;Sveti Red Jugoslavista;;;;;;;;;;;;;;
monastic_order_jugoslavist_desc;Sveti Red Jugoslavista, "the Holy Order of Jugoslavism", is the monastic order that formed after the Jugoslavist faith triumphed over a crisis and possible schism. Marking another part of the unification of different holy orders and religious practices into one cohesive monastic order.;;;;;;;;;;;;;;
monastic_order_jugoslavist_rank_1_male;Brat;;;;;;;;;;;;;;
monastic_order_jugoslavist_rank_1_female;Sestra;;;;;;;;;;;;;;
monastic_order_jugoslavist_rank_2_male;Fratar;;;;;;;;;;;;;;
monastic_order_jugoslavist_rank_2_female;Èasna;;;;;;;;;;;;;;
monastic_order_jugoslavist_rank_3_male;Kaluðer;;;;;;;;;;;;;;
monastic_order_jugoslavist_rank_3_female;Kaluðerica;;;;;;;;;;;;;;
monastic_order_jugoslavist_rank_4_male;Dekan;;;;;;;;;;;;;;
monastic_order_jugoslavist_rank_4_female;Dekanica;;;;;;;;;;;;;;
currency_name_monastic_order_jugoslavist;Predanost;;;;;;;;;;;;;;
monastic_order_zhao;The Zhao Society;;;;;;;;;x
monastic_order_zhao_desc;Founded by a pre-event family close to the Heavenly Ruby Chairman, the Zhao family's legacy has been preserved by the Liehuo faithful as an institute to understand and spread the word of the Chairman.;;;;;;;;;x
monastic_order_zhao_rank_1_male;Comrade;;;;;;;;;x
monastic_order_zhao_rank_1_female;Comrade;;;;;;;;;x
monastic_order_zhao_rank_2_male;Cadre;;;;;;;;;x
monastic_order_zhao_rank_2_female;Cadre;;;;;;;;;x
monastic_order_zhao_rank_3_male;Princeling;;;;;;;;;x
monastic_order_zhao_rank_3_female;Princessling;;;;;;;;;x
monastic_order_zhao_rank_4_male;Crown Prince;;;;;;;;;x
monastic_order_zhao_rank_4_female;Crown Princess;;;;;;;;;x
monastic_order_jewish;The Mekubalim;;;;;;;;;x
monastic_order_jewish_desc;Disregarding the Meshichist-Mikraist split in favour of shared study of the Torah, Talmud, Zohar and other such texts, the Mekubalim is an organization that seeks to study esoteric and secret meanings of the Torah and the nature of the universe. The Mekubalim seek to promote deeper study of scripture and the self in order to get closer to Hashem.;;;;;;;;;x
monastic_order_jewish_rank_1_male;Mekubal;;;;;;;;;x
monastic_order_jewish_rank_1_female;Mekubelet;;;;;;;;;x
monastic_order_jewish_rank_2_male;Tsadik;;;;;;;;;x
monastic_order_jewish_rank_2_female;Tsadika;;;;;;;;;x
monastic_order_jewish_rank_3_male;Chacham;;;;;;;;;x
monastic_order_jewish_rank_3_female;Chachama;;;;;;;;;x
monastic_order_jewish_rank_4_male;Gaon;;;;;;;;;x
monastic_order_jewish_rank_4_female;Geona;;;;;;;;;x
monastic_order_ignatius;The Society of Saint Ignatius;;;;;;;;;x
monastic_order_ignatius_desc;The Society of Saint Ignatius, commonly known as Jesuits, were an antediluvian monastic order founded by Ignatius of Loyola long ago. Following the  post event Sevillian Schism with the Catholic Church, the organization became the principal monastic order for Sevillian priests, and they seek to continue the original Jesuit mission of evangelizing to the world.;;;;;;;;;x
monastic_order_ignatius_rank_1_female;Donatus;Donatus;Donatus;;Donatus;;;;;;;;;x
monastic_order_ignatius_rank_2_female;Oblatus;Oblatus;Oblatus;;Oblatus;;;;;;;;;x
monastic_order_ignatius_rank_3_female;Commissus;Commissus;Commissus;;Commissus;;;;;;;;;x
monastic_order_ignatius_rank_4_female;Conversus;Conversus;Conversus;;Conversus;;;;;;;;;x
monastic_order_ignatius_rank_1_male;Donatus;Donatus;Donatus;;Donatus;;;;;;;;;x
monastic_order_ignatius_rank_2_male;Oblatus;Oblatus;Oblatus;;Oblatus;;;;;;;;;x
monastic_order_ignatius_rank_3_male;Commissus;Commissus;Commissus;;Commissus;;;;;;;;;x
monastic_order_ignatius_rank_4_male;Conversus;Conversus;Conversus;;Conversus;;;;;;;;;x
currency_name_monastic_order_ignatius;Devotion;Dévotion;Hingabe;;Devoci?n;;;;;;;;;x
monastic_order_qurani;Ahle Quran;;;;;;;;;x
monastic_order_qurani_desc;The Ahle Quran is an organization of the greatest Quraniyya scholars and believers, dedicated to spreading the teachings of Quranism, a belief that the Quran is the one and only source of spiritual guidance without later external texts written by the corrupt clergy.;Les Dominicains sont capables d'?couter les confessions de n'importe quel chr?tien. Habill?s en noir et blanc, ils m?nent la sainte inquisition en identifiant les h?r?tiques. En tant que membre de cet ordre, il est attendu de vous de ne pas rechercher l'enrichissement mat?riel, mais la v?rit?.;Die Mitglieder des Dominikanerordens sind in schwarz und wei? gekleidet und lauschen den Beichten aller Christen. Ihnen obliegt die F?hrung der Heiligen Inquisition, deren Aufgabe es ist, Ketzer aufzusp?ren. Von Angeh?rigen des Ordens wird verlangt, allen materiellen G?tern abzuschw?ren und nach wahrer Erkenntnis zu streben.;;Los miembros de la Orden dominica pueden confesar a cualquier cristiano. Visten de blanco y negro, est?n al mando de la Santa Inquisici?n y su misi?n consiste en desenmascarar a los herejes. Sus miembros deben perseguir la verdad y no acumular bienes materiales.;;;;;;;;;x
currency_name_monastic_order_qurani;Wisdom;Dévotion;Hingabe;;Devoci?n;;;;;;;;;x
monastic_order_qurani_rank_1_female;Murid;Murid;Murid;;Murid;;;;;;;;;x
monastic_order_qurani_rank_2_female;Qari;Qari;Qari;;Qari;;;;;;;;;x
monastic_order_qurani_rank_3_female;Murshida;Murshida;Murshida;;Murshida;;;;;;;;;x
monastic_order_qurani_rank_4_female;Sheikha;Sheikha;Sheikha;;Sheikha;;;;;;;;;x
monastic_order_qurani_rank_1_male;Murid;Murid;Murid;;Murid;;;;;;;;;x
monastic_order_qurani_rank_2_male;Qari;Qari;Qari;;Qari;;;;;;;;;x
monastic_order_qurani_rank_3_male;Murshid;Murshid;Murshid;;Murshid;;;;;;;;;x
monastic_order_qurani_rank_4_male;Sheikh;Sheikh;Sheikh;;Sheikh;;;;;;;;;x
monastic_order_pancasila;The Kemenkumham;;;;;;;;;x
monastic_order_pancasila_desc;The Kemenkumham is a ministry turned order dedicated to studying and upholding the Five Principles and Thirty-Seven Commandments through careful interpretations of the Constitution and through emulations of the Proklamator.;;;;;;;;;x
currency_name_monastic_order_pancasila;Knowledge;Dévotion;Hingabe;;Devoci?n;;;;;;;;;x
monastic_order_pancasila_rank_1_female;Analyst;Analyst;Analyst;;Analyst;;;;;;;;;x
monastic_order_pancasila_rank_2_female;Subcoordinator;Subcoordinator;Subcoordinator;;Subcoordinator;;;;;;;;;x
monastic_order_pancasila_rank_3_female;Coordinator;Coordinator;Coordinator;;Coordinator;;;;;;;;;x
monastic_order_pancasila_rank_4_female;Director-Minister;Director-Minister;Director-Minister;;Director-Minister;;;;;;;;;x
monastic_order_pancasila_rank_1_male;Analyst;Analyst;Analyst;;Analyst;;;;;;;;;x
monastic_order_pancasila_rank_2_male;Subcoordinator;Subcoordinator;Subcoordinator;;Subcoordinator;;;;;;;;;x
monastic_order_pancasila_rank_3_male;Coordinator;Coordinator;Coordinator;;Coordinator;;;;;;;;;x
monastic_order_pancasila_rank_4_male;Director-Minister;Director-Minister;Director-Minister;;Director-Minister;;;;;;;;;x
monastic_order_osvicenism;The Community of Saint Ondra;;;;;;;;;x
monastic_order_osvicenism_desc;The followers of Saint Ondra lead an ascetic life, finding purpose in prayer and meditation.;;;;;;;;;x
monastic_order_osvicenism_rank_1_female;Sotapanna;Sotapanna;Sotapanna;;Sotapanna;;;;;;;;;x
monastic_order_osvicenism_rank_2_female;Sakadagami;Sakadagami;Sakadagami;;Sakadagami;;;;;;;;;x
monastic_order_osvicenism_rank_3_female;Anagami;Anagami;Anagami;;Anagami;;;;;;;;;x
monastic_order_osvicenism_rank_4_female;Arhat;Arhat;Arhat;;Arhat;;;;;;;;;x
monastic_order_osvicenism_rank_1_male;Sotapanna;Sotapanna;Sotapanna;;Sotapanna;;;;;;;;;x
monastic_order_osvicenism_rank_2_male;Sakadagami;Sakadagami;Sakadagami;;Sakadagami;;;;;;;;;x
monastic_order_osvicenism_rank_3_male;Anagami;Anagami;Anagami;;Anagami;;;;;;;;;x
monastic_order_osvicenism_rank_4_male;Arahnat;Arahnat;Arhat;;Arahant;;;;;;;;;x
currency_name_monastic_order_osvicenism;Devotion;Dévotion;Hingabe;;Devoción;;;;;;;;;x
monastic_order_kirishitan;The Order of Eastern Jesuits;;;;;;;;;x
monastic_order_kirishitan_desc;The Order of the Eastern Jesuits, known by others as the Order of San Francisco Javier, is the remaining monastic order of Catholicism in Asia. As the general chaos of the Event created havoc on the connection between Rome and the now Katoliko and the Kirishitan, these two isolated Catholic faiths have banded together to form the Eastern Jesuits, converting heathens abroad and maintaining the peace between Katoliko and Kirishitan realms, just like the actual Jesuits before them.;;;;;;;;;x
monastic_order_kirishitan_rank_1_female;Donatus;Donatus;Donatus;;Donatus;;;;;;;;;x
monastic_order_kirishitan_rank_2_female;Oblatus;Oblatus;Oblatus;;Oblatus;;;;;;;;;x
monastic_order_kirishitan_rank_3_female;Commissus;Commissus;Commissus;;Commissus;;;;;;;;;x
monastic_order_kirishitan_rank_4_female;Conversus;Conversus;Conversus;;Conversus;;;;;;;;;x
monastic_order_kirishitan_rank_1_male;Iruman;Iruman;Iruman;;Iruman;;;;;;;;;x
monastic_order_kirishitan_rank_2_male;Oblatus;Oblatus;Oblatus;;Oblatus;;;;;;;;;x
monastic_order_kirishitan_rank_3_male;Commissus;Commissus;Commissus;;Commissus;;;;;;;;;x
monastic_order_kirishitan_rank_4_male;Conversus;Conversus;Conversus;;Conversus;;;;;;;;;x
String_Christ;Christ;;;;;;;;;x
String_Nobel;Nobel;;;;;;;;;x
monastic_order_nobelian;Order of the Golden Coin;;;;;;;;;x
monastic_order_nobelian_desc;The Order of the Golden Coin is a scholarly fraternity dedicated to the study of the works, words, and commandments of Alfred Nobel. Adherents devote themselves to the inner meaning of Nobel's teachings, rather than the attempt to explore and find answers in the discovery of Old World knowledge.;;;;;;;;;x
monastic_order_nobelian_rank_1_male;Initiate;;;;;;;;;x
monastic_order_nobelian_rank_1_female;Initiate;;;;;;;;;x
monastic_order_nobelian_rank_2_male;Disciple;;;;;;;;;x
monastic_order_nobelian_rank_2_female;Disciple;;;;;;;;;x
monastic_order_nobelian_rank_3_male;Cenobite;;;;;;;;;x
monastic_order_nobelian_rank_3_female;Cenobite;;;;;;;;;x
monastic_order_nobelian_rank_4_male;Professor;;;;;;;;;x
monastic_order_nobelian_rank_4_female;Professor;;;;;;;;;x
monastic_order_novelist;The Inklings;;;;;;;;;x
monastic_order_novelist_desc;For centuries, those who desire to study the Novel more deeply have banded together in the ancient society known as The Inklings. Scholars, priests, and authors have developed many varied practices for the better understanding and interpretation of the sacred texts.;;;;;;;;;x
monastic_order_novelist_rank_1_male;Scribbler;;;;;;;;;x
monastic_order_novelist_rank_1_female;Scribbler;;;;;;;;;x
monastic_order_novelist_rank_2_male;Scholar;;;;;;;;;x
monastic_order_novelist_rank_2_female;Scholar;;;;;;;;;x
monastic_order_novelist_rank_3_male;Schoolmaster;;;;;;;;;x
monastic_order_novelist_rank_3_female;Schoolmistress;;;;;;;;;x
monastic_order_novelist_rank_4_male;Sage;;;;;;;;;x
monastic_order_novelist_rank_4_female;Sage;;;;;;;;;x
warrior_lodge_esoteric_rank_1_female;Fledgling;Novice;Grünschnabel;;Novata;;;;;;;;;x
warrior_lodge_esoteric_rank_2_female;Warrior;Guerrière;Kriegerin;;Guerrera;;;;;;;;;x
warrior_lodge_esoteric_rank_3_female;Veteran;Vétérane;Veteranin;;Veterana;;;;;;;;;x
warrior_lodge_esoteric_rank_4_female;Heroine;Héroïne;Heldin;;Heroína;;;;;;;;;x
warrior_lodge_esoteric_rank_1_male;Fledgling;Novice;Grünschnabel;;Novato;;;;;;;;;x
warrior_lodge_esoteric_rank_2_male;Warrior;Guerrier;Krieger;;Guerrero;;;;;;;;;x
warrior_lodge_esoteric_rank_3_male;Veteran;Vétéran;Veteran;;Veterano;;;;;;;;;x
warrior_lodge_esoteric_rank_4_male;Hero;Héros;Held;;Héroe;;;;;;;;;x
warrior_lodge_khanist_rank_1_female;Fledgling;Novice;Grünschnabel;;Novata;;;;;;;;;x
warrior_lodge_khanist_rank_2_female;Warrior;Guerrière;Kriegerin;;Guerrera;;;;;;;;;x
warrior_lodge_khanist_rank_3_female;Veteran;Vétérane;Veteranin;;Veterana;;;;;;;;;x
warrior_lodge_khanist_rank_4_female;Heroine;Héroïne;Heldin;;Heroína;;;;;;;;;x
warrior_lodge_khanist_rank_1_male;Fledgling;Novice;Grünschnabel;;Novato;;;;;;;;;x
warrior_lodge_khanist_rank_2_male;Warrior;Guerrier;Krieger;;Guerrero;;;;;;;;;x
warrior_lodge_khanist_rank_3_male;Veteran;Vétéran;Veteran;;Veterano;;;;;;;;;x
warrior_lodge_khanist_rank_4_male;Hero;Héros;Held;;Héroe;;;;;;;;;x
warrior_lodge_ironist_rank_1_female;Fledgling;Novice;Grünschnabel;;Novata;;;;;;;;;x
warrior_lodge_ironist_rank_2_female;Warrior;Guerrière;Kriegerin;;Guerrera;;;;;;;;;x
warrior_lodge_ironist_rank_3_female;Veteran;Vétérane;Veteranin;;Veterana;;;;;;;;;x
warrior_lodge_ironist_rank_4_female;Heroine;Héroïne;Heldin;;Heroína;;;;;;;;;x
warrior_lodge_ironist_rank_1_male;Fledgling;Novice;Grünschnabel;;Novato;;;;;;;;;x
warrior_lodge_ironist_rank_2_male;Warrior;Guerrier;Krieger;;Guerrero;;;;;;;;;x
warrior_lodge_ironist_rank_3_male;Veteran;Vétéran;Veteran;;Veterano;;;;;;;;;x
warrior_lodge_ironist_rank_4_male;Hero;Héros;Held;;Héroe;;;;;;;;;x
warrior_lodge_folklorist_rank_1_female;Fledgling;Novice;Grünschnabel;;Novata;;;;;;;;;x
warrior_lodge_folklorist_rank_2_female;Warrior;Guerrière;Kriegerin;;Guerrera;;;;;;;;;x
warrior_lodge_folklorist_rank_3_female;Veteran;Vétérane;Veteranin;;Veterana;;;;;;;;;x
warrior_lodge_folklorist_rank_4_female;Heroine;Héroïne;Heldin;;Heroína;;;;;;;;;x
warrior_lodge_folklorist_rank_1_male;Fledgling;Novice;Grünschnabel;;Novato;;;;;;;;;x
warrior_lodge_folklorist_rank_2_male;Warrior;Guerrier;Krieger;;Guerrero;;;;;;;;;x
warrior_lodge_folklorist_rank_3_male;Veteran;Vétéran;Veteran;;Veterano;;;;;;;;;x
warrior_lodge_folklorist_rank_4_male;Hero;Héros;Held;;Héroe;;;;;;;;;x
warrior_lodge_maunaxite_rank_1_female;Fledgling;Novice;Grünschnabel;;Novata;;;;;;;;;x
warrior_lodge_maunaxite_rank_2_female;Warrior;Guerrière;Kriegerin;;Guerrera;;;;;;;;;x
warrior_lodge_maunaxite_rank_3_female;Veteran;Vétérane;Veteranin;;Veterana;;;;;;;;;x
warrior_lodge_maunaxite_rank_4_female;Heroine;Héroïne;Heldin;;Heroína;;;;;;;;;x
warrior_lodge_maunaxite_rank_1_male;Fledgling;Novice;Grünschnabel;;Novato;;;;;;;;;x
warrior_lodge_maunaxite_rank_2_male;Warrior;Guerrier;Krieger;;Guerrero;;;;;;;;;x
warrior_lodge_maunaxite_rank_3_male;Veteran;Vétéran;Veteran;;Veterano;;;;;;;;;x
warrior_lodge_maunaxite_rank_4_male;Hero;Héros;Held;;Héroe;;;;;;;;;x
warrior_lodge_sikh_rank_1_female;Fledgling;Novice;Grünschnabel;;Novata;;;;;;;;;x
warrior_lodge_sikh_rank_2_female;Warrior;Guerrière;Kriegerin;;Guerrera;;;;;;;;;x
warrior_lodge_sikh_rank_3_female;Veteran;Vétérane;Veteranin;;Veterana;;;;;;;;;x
warrior_lodge_sikh_rank_4_female;Heroine;Héroïne;Heldin;;Heroína;;;;;;;;;x
warrior_lodge_sikh_rank_1_male;Fledgling;Novice;Grünschnabel;;Novato;;;;;;;;;x
warrior_lodge_sikh_rank_2_male;Warrior;Guerrier;Krieger;;Guerrero;;;;;;;;;x
warrior_lodge_sikh_rank_3_male;Veteran;Vétéran;Veteran;;Veterano;;;;;;;;;x
warrior_lodge_sikh_rank_4_male;Hero;Héros;Held;;Héroe;;;;;;;;;x
warrior_lodge_novelist_rank_1_female;Fledgling;Novice;Grünschnabel;;Novata;;;;;;;;;x
warrior_lodge_novelist_rank_2_female;Warrior;Guerrière;Kriegerin;;Guerrera;;;;;;;;;x
warrior_lodge_novelist_rank_3_female;Veteran;Vétérane;Veteranin;;Veterana;;;;;;;;;x
warrior_lodge_novelist_rank_4_female;Heroine;Héroïne;Heldin;;Heroína;;;;;;;;;x
warrior_lodge_novelist_rank_1_male;Fledgling;Novice;Grünschnabel;;Novato;;;;;;;;;x
warrior_lodge_novelist_rank_2_male;Warrior;Guerrier;Krieger;;Guerrero;;;;;;;;;x
warrior_lodge_novelist_rank_3_male;Veteran;Vétéran;Veteran;;Veterano;;;;;;;;;x
warrior_lodge_novelist_rank_4_male;Hero;Héros;Held;;Héroe;;;;;;;;;x
warrior_lodge_zarist_rank_1_female;Fledgling;Novice;Grünschnabel;;Novata;;;;;;;;;x
warrior_lodge_zarist_rank_2_female;Warrior;Guerrière;Kriegerin;;Guerrera;;;;;;;;;x
warrior_lodge_zarist_rank_3_female;Veteran;Vétérane;Veteranin;;Veterana;;;;;;;;;x
warrior_lodge_zarist_rank_4_female;Heroine;Héroïne;Heldin;;Heroína;;;;;;;;;x
warrior_lodge_zarist_rank_1_male;Fledgling;Novice;Grünschnabel;;Novato;;;;;;;;;x
warrior_lodge_zarist_rank_2_male;Warrior;Guerrier;Krieger;;Guerrero;;;;;;;;;x
warrior_lodge_zarist_rank_3_male;Veteran;Vétéran;Veteran;;Veterano;;;;;;;;;x
warrior_lodge_zarist_rank_4_male;Hero;Héros;Held;;Héroe;;;;;;;;;x
warrior_lodge_celtic_pagan_rank_1_female;Fledgling;Novice;Grünschnabel;;Novata;;;;;;;;;x
warrior_lodge_celtic_pagan_rank_2_female;Warrior;Guerrière;Kriegerin;;Guerrera;;;;;;;;;x
warrior_lodge_celtic_pagan_rank_3_female;Veteran;Vétérane;Veteranin;;Veterana;;;;;;;;;x
warrior_lodge_celtic_pagan_rank_4_female;Heroine;Héroïne;Heldin;;Heroína;;;;;;;;;x
warrior_lodge_celtic_pagan_rank_1_male;Fledgling;Novice;Grünschnabel;;Novato;;;;;;;;;x
warrior_lodge_celtic_pagan_rank_2_male;Warrior;Guerrier;Krieger;;Guerrero;;;;;;;;;x
warrior_lodge_celtic_pagan_rank_3_male;Veteran;Vétéran;Veteran;;Veterano;;;;;;;;;x
warrior_lodge_celtic_pagan_rank_4_male;Hero;Héros;Held;;Héroe;;;;;;;;;x
warrior_lodge_nousthreskeia_rank_1_female;Fledgling;Novice;Grünschnabel;;Novata;;;;;;;;;x
warrior_lodge_nousthreskeia_rank_2_female;Warrior;Guerrière;Kriegerin;;Guerrera;;;;;;;;;x
warrior_lodge_nousthreskeia_rank_3_female;Veteran;Vétérane;Veteranin;;Veterana;;;;;;;;;x
warrior_lodge_nousthreskeia_rank_4_female;Heroine;Héroïne;Heldin;;Heroína;;;;;;;;;x
warrior_lodge_nousthreskeia_rank_1_male;Fledgling;Novice;Grünschnabel;;Novato;;;;;;;;;x
warrior_lodge_nousthreskeia_rank_2_male;Warrior;Guerrier;Krieger;;Guerrero;;;;;;;;;x
warrior_lodge_nousthreskeia_rank_3_male;Veteran;Vétéran;Veteran;;Veterano;;;;;;;;;x
warrior_lodge_nousthreskeia_rank_4_male;Hero;Héros;Held;;Héroe;;;;;;;;;x
warrior_lodge_jacobinist;Friends of the Republic;;;;;;;;;x
warrior_lodge_jacobinist_desc;Based on an ancient society, they have dedicated themselves into improving their martial abilities for the sake of the MAdame.;;;;;;;;;x
warrior_lodge_jacobinist_rank_1_male;Initiate;;;;;;;;;x
warrior_lodge_jacobinist_rank_1_female;Initiate;;;;;;;;;x
warrior_lodge_jacobinist_rank_2_male;Warrior;;;;;;;;;x
warrior_lodge_jacobinist_rank_2_female;Warrior;;;;;;;;;x
warrior_lodge_jacobinist_rank_3_male;Veteran;;;;;;;;;x
warrior_lodge_jacobinist_rank_3_female;Veteran;;;;;;;;;x
warrior_lodge_jacobinist_rank_4_male;Champion;;;;;;;;;x
warrior_lodge_jacobinist_rank_4_female;Champion;;;;;;;;;x
string_jacobinist_symbol;the revolutionaries;;;;;;;;;;;;;x
string_jacobinist_symbol_cap;the Revolutionaries;;;;;;;;;;;;;x
string_jacobinist_symbol_short;revolutionary;;;;;;;;;;;;;x
string_jacobinist_symbol_short_cap;Revolutionary;;;;;;;;;;;;;x
string_battle_nick_jacobinist_symbol;the Revolutionary;;;;;;;;;;;;;x
string_WL_jacobinist_religion;§Y[jacobinist.GetName]§! religion;la religion §Y[jacobinist.GetName]§!;§Y[starist_pagan_reformed.GetName]en§! Religion;;Religi§n §Y[starist_pagan_reformed.GetName]?!;;;;;;;;;x
warrior_lodge_mesopotamian_rank_1_female;Fledgling;Novice;Grünschnabel;;Novata;;;;;;;;;x
warrior_lodge_mesopotamian_rank_2_female;Warrior;Guerrière;Kriegerin;;Guerrera;;;;;;;;;x
warrior_lodge_mesopotamian_rank_3_female;Veteran;Vétérane;Veteranin;;Veterana;;;;;;;;;x
warrior_lodge_mesopotamian_rank_4_female;Heroine;Héroïne;Heldin;;Heroína;;;;;;;;;x
warrior_lodge_mesopotamian_rank_1_male;Fledgling;Novice;Grünschnabel;;Novato;;;;;;;;;x
warrior_lodge_mesopotamian_rank_2_male;Warrior;Guerrier;Krieger;;Guerrero;;;;;;;;;x
warrior_lodge_mesopotamian_rank_3_male;Veteran;Vétéran;Veteran;;Veterano;;;;;;;;;x
warrior_lodge_mesopotamian_rank_4_male;Hero;Héros;Held;;Héroe;;;;;;;;;x
warrior_lodge_sea_creed_rank_1_female;Fledgling;Novice;Grünschnabel;;Novata;;;;;;;;;x
warrior_lodge_sea_creed_rank_2_female;Warrior;Guerrière;Kriegerin;;Guerrera;;;;;;;;;x
warrior_lodge_sea_creed_rank_3_female;Veteran;Vétérane;Veteranin;;Veterana;;;;;;;;;x
warrior_lodge_sea_creed_rank_4_female;Heroine;Héroïne;Heldin;;Heroína;;;;;;;;;x
warrior_lodge_sea_creed_rank_1_male;Fledgling;Novice;Grünschnabel;;Novato;;;;;;;;;x
warrior_lodge_sea_creed_rank_2_male;Warrior;Guerrier;Krieger;;Guerrero;;;;;;;;;x
warrior_lodge_sea_creed_rank_3_male;Veteran;Vétéran;Veteran;;Veterano;;;;;;;;;x
warrior_lodge_sea_creed_rank_4_male;Hero;Héros;Held;;Héroe;;;;;;;;;x
warrior_lodge_poseidonian_rank_1_female;Fledgling;Novice;Grünschnabel;;Novata;;;;;;;;;x
warrior_lodge_poseidonian_rank_2_female;Warrior;Guerrière;Kriegerin;;Guerrera;;;;;;;;;x
warrior_lodge_poseidonian_rank_3_female;Veteran;Vétérane;Veteranin;;Veterana;;;;;;;;;x
warrior_lodge_poseidonian_rank_4_female;Heroine;Héroïne;Heldin;;Heroína;;;;;;;;;x
warrior_lodge_poseidonian_rank_1_male;Fledgling;Novice;Grünschnabel;;Novato;;;;;;;;;x
warrior_lodge_poseidonian_rank_2_male;Warrior;Guerrier;Krieger;;Guerrero;;;;;;;;;x
warrior_lodge_poseidonian_rank_3_male;Veteran;Vétéran;Veteran;;Veterano;;;;;;;;;x
warrior_lodge_poseidonian_rank_4_male;Hero;Héros;Held;;Héroe;;;;;;;;;x
warrior_lodge_wokou_rank_1_female;Fledgling;Novice;Grünschnabel;;Novata;;;;;;;;;x
warrior_lodge_wokou_rank_2_female;Warrior;Guerrière;Kriegerin;;Guerrera;;;;;;;;;x
warrior_lodge_wokou_rank_3_female;Veteran;Vétérane;Veteranin;;Veterana;;;;;;;;;x
warrior_lodge_wokou_rank_4_female;Heroine;Héroïne;Heldin;;Heroína;;;;;;;;;x
warrior_lodge_wokou_rank_1_male;Fledgling;Novice;Grünschnabel;;Novato;;;;;;;;;x
warrior_lodge_wokou_rank_2_male;Warrior;Guerrier;Krieger;;Guerrero;;;;;;;;;x
warrior_lodge_wokou_rank_3_male;Veteran;Vétéran;Veteran;;Veterano;;;;;;;;;x
warrior_lodge_wokou_rank_4_male;Hero;Héros;Held;;Héroe;;;;;;;;;x
################
warrior_lodge_shinto_leader_desc;[GetSocietyLeaderDesc];[GetSocietyLeaderDesc];[GetSocietyLeaderDesc];;[GetSocietyLeaderDesc];;;;;;;;;x
warrior_lodge_shinto;Servants of the Kami;;;;;;;;;;;;;x
warrior_lodge_shinto_desc;These warriors of the Shintoist faiths gather to worship their gods through the glory of the duel and battle.;;;;;;;;;;;;;x
has_liege_vassal_or_neighbor_of_shinto_religion_tt;Has a §YLiege§!, §YVassal§!, or a §Yneighbouring ruler§! who follows the §Shintoist§! faith\n;;;;;;;;;x
warrior_lodge_shinto_rank_1_female;Fledgling;Novice;Grünschnabel;;Novata;;;;;;;;;x
warrior_lodge_shinto_rank_2_female;Warrior;Guerrière;Kriegerin;;Guerrera;;;;;;;;;x
warrior_lodge_shinto_rank_3_female;Veteran;Vétérane;Veteranin;;Veterana;;;;;;;;;x
warrior_lodge_shinto_rank_4_female;Heroine;Héroïne;Heldin;;Heroína;;;;;;;;;x
warrior_lodge_shinto_rank_1_male;Fledgling;Novice;Grünschnabel;;Novato;;;;;;;;;x
warrior_lodge_shinto_rank_2_male;Warrior;Guerrier;Krieger;;Guerrero;;;;;;;;;x
warrior_lodge_shinto_rank_3_male;Veteran;Vétéran;Veteran;;Veterano;;;;;;;;;x
warrior_lodge_shinto_rank_4_male;Hero;Héros;Held;;Héroe;;;;;;;;;x
string_shinto_symbol;the Oni;;;;;;;;;;;;;x
string_shinto_symbol_cap;the Oni;;;;;;;;;;;;;x
string_shinto_symbol_short;Oni;;;;;;;;;;;;;x
string_shinto_symbol_short_cap;Oni;;;;;;;;;;;;;x
string_battle_nick_shinto_symbol;the Wrath of the Kami;;;;;;;;;;;;;x
string_WL_shinto_religion;§YShintoist§! religion;;;;;;;;;x
################
warrior_lodge_mo_leader_desc;[GetSocietyLeaderDesc];[GetSocietyLeaderDesc];[GetSocietyLeaderDesc];;[GetSocietyLeaderDesc];;;;;;;;;x
warrior_lodge_mo;Warriors of Gyaj;;;;;;;;;;;;;x
warrior_lodge_mo_desc;These warriors of the Mojiao faiths gather to worship their gods through the glory of the duel and battle.;;;;;;;;;;;;;x
has_liege_vassal_or_neighbor_of_mo_religion_tt;Has a §YLiege§!, §YVassal§!, or a §Yneighbouring ruler§! who follows the §Mojiao§! faith\n;;;;;;;;;x
warrior_lodge_mo_rank_1_female;Fledgling;Novice;Grünschnabel;;Novata;;;;;;;;;x
warrior_lodge_mo_rank_2_female;Warrior;Guerrière;Kriegerin;;Guerrera;;;;;;;;;x
warrior_lodge_mo_rank_3_female;Veteran;Vétérane;Veteranin;;Veterana;;;;;;;;;x
warrior_lodge_mo_rank_4_female;Heroine;Héroïne;Heldin;;Heroína;;;;;;;;;x
warrior_lodge_mo_rank_1_male;Fledgling;Novice;Grünschnabel;;Novato;;;;;;;;;x
warrior_lodge_mo_rank_2_male;Warrior;Guerrier;Krieger;;Guerrero;;;;;;;;;x
warrior_lodge_mo_rank_3_male;Veteran;Vétéran;Veteran;;Veterano;;;;;;;;;x
warrior_lodge_mo_rank_4_male;Hero;Héros;Held;;Héroe;;;;;;;;;x
string_mo_symbol;the Thunder Warrior;;;;;;;;;;;;;x
string_mo_symbol_cap;the Thunder Warrior;;;;;;;;;;;;;x
string_mo_symbol_short;Thunder Warrior;;;;;;;;;;;;;x
string_mo_symbol_short_cap;Thunder Warrior;;;;;;;;;;;;;x
string_battle_nick_mo_symbol;the Wrath of Thunder;;;;;;;;;;;;;x
string_WL_mo_religion;§YMojiao§! religion;;;;;;;;;x
################
warrior_lodge_bungan_leader_desc;[GetSocietyLeaderDesc];[GetSocietyLeaderDesc];[GetSocietyLeaderDesc];;[GetSocietyLeaderDesc];;;;;;;;;x
warrior_lodge_bungan;Champions of Bali Penyalong;;;;;;;;;;;;;x
warrior_lodge_bungan_desc;These warriors of the Bungan faith gather to worship their gods through the glory of the duel and battle.;;;;;;;;;;;;;x
has_liege_vassal_or_neighbor_of_bungan_religion_tt;Has a §YLiege§!, §YVassal§!, or a §Yneighbouring ruler§! who follows the §Bungan§! faith\n;;;;;;;;;x
warrior_lodge_bungan_rank_1_female;Fledgling;Novice;Grünschnabel;;Novata;;;;;;;;;x
warrior_lodge_bungan_rank_2_female;Warrior;Guerrière;Kriegerin;;Guerrera;;;;;;;;;x
warrior_lodge_bungan_rank_3_female;Veteran;Vétérane;Veteranin;;Veterana;;;;;;;;;x
warrior_lodge_bungan_rank_4_female;Heroine;Héroïne;Heldin;;Heroína;;;;;;;;;x
warrior_lodge_bungan_rank_1_male;Fledgling;Novice;Grünschnabel;;Novato;;;;;;;;;x
warrior_lodge_bungan_rank_2_male;Warrior;Guerrier;Krieger;;Guerrero;;;;;;;;;x
warrior_lodge_bungan_rank_3_male;Veteran;Vétéran;Veteran;;Veterano;;;;;;;;;x
warrior_lodge_bungan_rank_4_male;Hero;Héros;Held;;Héroe;;;;;;;;;x
string_bungan_symbol;the Bloody Warrior;;;;;;;;;;;;;x
string_bungan_symbol_cap;the Bloody Warrior;;;;;;;;;;;;;x
string_bungan_symbol_short;Bloody Warrior;;;;;;;;;;;;;x
string_bungan_symbol_short_cap;Bloody Warrior;;;;;;;;;;;;;x
string_battle_nick_bungan_symbol;the Wrath of Bloody;;;;;;;;;;;;;x
string_WL_bungan_religion;§YBungan§! religion;;;;;;;;;x
################
warrior_lodge_kaharingan_leader_desc;[GetSocietyLeaderDesc];[GetSocietyLeaderDesc];[GetSocietyLeaderDesc];;[GetSocietyLeaderDesc];;;;;;;;;x
warrior_lodge_kaharingan;The Bloody Cockerels;;;;;;;;;;;;;x
warrior_lodge_kaharingan_desc;These warriors of the Kaharingan faith gather to worship their gods through the glory of the duel and battle.;;;;;;;;;;;;;x
has_liege_vassal_or_neighbor_of_bungan_religion_tt;Has a §YLiege§!, §YVassal§!, or a §Yneighbouring ruler§! who follows the §Kaharingan§! faith\n;;;;;;;;;x
warrior_lodge_kaharingan_rank_1_female;Fledgling;Novice;Grünschnabel;;Novata;;;;;;;;;x
warrior_lodge_kaharingan_rank_2_female;Warrior;Guerrière;Kriegerin;;Guerrera;;;;;;;;;x
warrior_lodge_kaharingan_rank_3_female;Veteran;Vétérane;Veteranin;;Veterana;;;;;;;;;x
warrior_lodge_kaharingan_rank_4_female;Heroine;Héroïne;Heldin;;Heroína;;;;;;;;;x
warrior_lodge_kaharingan_rank_1_male;Fledgling;Novice;Grünschnabel;;Novato;;;;;;;;;x
warrior_lodge_kaharingan_rank_2_male;Warrior;Guerrier;Krieger;;Guerrero;;;;;;;;;x
warrior_lodge_kaharingan_rank_3_male;Veteran;Vétéran;Veteran;;Veterano;;;;;;;;;x
warrior_lodge_kaharingan_rank_4_male;Hero;Héros;Held;;Héroe;;;;;;;;;x
string_kaharingan_symbol;the Bloody Cockerel;;;;;;;;;;;;;x
string_kaharingan_symbol_cap;the Bloody Cockerel;;;;;;;;;;;;;x
string_kaharingan_symbol_short;Bloody Cockerel;;;;;;;;;;;;;x
string_kaharingan_symbol_short_cap;Bloody Cockerel;;;;;;;;;;;;;x
string_kaharingan_nick_bungan_symbol;the Bloody Cockerel;;;;;;;;;;;;;x
string_WL_kaharingan_religion;§YKaharingan§! religion;;;;;;;;;x
################
warrior_lodge_thuyhoa_leader_desc;[GetSocietyLeaderDesc];[GetSocietyLeaderDesc];[GetSocietyLeaderDesc];;[GetSocietyLeaderDesc];;;;;;;;;x
warrior_lodge_thuyhoa;Heavenly Hall of Water and Flame;;;;;;;;;;;;;x
warrior_lodge_thuyhoa_desc;These warriors of the Thuy Hoa faith gather to worship their gods through the glory of the duel and battle.;;;;;;;;;;;;;x
has_liege_vassal_or_neighbor_of_thuyhoa_religion_tt;Has a §YLiege§!, §YVassal§!, or a §Yneighbouring ruler§! who follows the §Thuy Hoa§! faith\n;;;;;;;;;x
warrior_lodge_thuyhoa_rank_1_female;Fledgling;Novice;Grünschnabel;;Novata;;;;;;;;;x
warrior_lodge_thuyhoa_rank_2_female;Warrior;Guerrière;Kriegerin;;Guerrera;;;;;;;;;x
warrior_lodge_thuyhoa_rank_3_female;Veteran;Vétérane;Veteranin;;Veterana;;;;;;;;;x
warrior_lodge_thuyhoa_rank_4_female;Heroine;Héroïne;Heldin;;Heroína;;;;;;;;;x
warrior_lodge_thuyhoa_rank_1_male;Fledgling;Novice;Grünschnabel;;Novato;;;;;;;;;x
warrior_lodge_thuyhoa_rank_2_male;Warrior;Guerrier;Krieger;;Guerrero;;;;;;;;;x
warrior_lodge_thuyhoa_rank_3_male;Veteran;Vétéran;Veteran;;Veterano;;;;;;;;;x
warrior_lodge_thuyhoa_rank_4_male;Hero;Héros;Held;;Héroe;;;;;;;;;x
string_thuyhoa_symbol;the Fighting Sage;;;;;;;;;;;;;x
string_thuyhoa_symbol_cap;the Fighting Sage;;;;;;;;;;;;;x
string_thuyhoa_symbol_short;Fighting Sage;;;;;;;;;;;;;x
string_thuyhoa_symbol_short_cap;Fighting Sage;;;;;;;;;;;;;x
string_battle_nick_thuyhoa_symbol;the Fighting Sage;;;;;;;;;;;;;x
thuyhoa_leader;Elemental;;;;;;;;;;;;;x
thuyhoa_leader_desc;This character is trained to burn from afar and masterfully retreat when the enemy gets too close.;;;;;;;;;;;;;x
kaharingan_leader;Spirit Warrior;;;;;;;;;;;;;x
kaharingan_leader_desc;This character fights with the zeal of a thousand spirits and hits just as hard.;;;;;;;;;;;;;x
bungan_leader;Jungle Raider;;;;;;;;;;;;;x
bungan_leader_desc;This character has mastered the ability to use the rough terrain of their homeland as an easy escape route.;;;;;;;;;;;;;x
mo_leader;Warrior of Gyaj;;;;;;;;;;;;;x
mo_leader_desc;This character has mastered the movement and combat of the treacherous highlands of China.;;;;;;;;;;;;;x
shinto_leader;Bushi;;;;;;;;;;;;;x
shinto_leader_desc;This character's discipline and devotion let them coordinate their troops with ease.;;;;;;;;;;;;;x
wokou_leader;Monsoon;;;;;;;;;;;;;x
wokou_leader_desc;This character has learned to use sea currents to move and raid at lightning speed.;;;;;;;;;;;;;x
################
warrior_lodge_satsana_pi_leader_desc;[GetSocietyLeaderDesc];[GetSocietyLeaderDesc];[GetSocietyLeaderDesc];;[GetSocietyLeaderDesc];;;;;;;;;x
warrior_lodge_satsana_pi;Slaughterers of Pi Thaen;;;;;;;;;;;;;x
warrior_lodge_satsana_pi_desc;These warriors of the Satsana Pi faith gather to strike out against their oppressors and reclaim their ancestral homelands.;;;;;;;;;;;;;x
has_liege_vassal_or_neighbor_of_satsana_pi_religion_tt;Has a §YLiege§!, §YVassal§!, or a §Yneighbouring ruler§! who follows the §Satsana Pi§! faith\n;;;;;;;;;x
warrior_lodge_satsana_pi_rank_1_female;Fledgling;Novice;Grünschnabel;;Novata;;;;;;;;;x
warrior_lodge_satsana_pi_rank_2_female;Warrior;Guerrière;Kriegerin;;Guerrera;;;;;;;;;x
warrior_lodge_satsana_pi_rank_3_female;Veteran;Vétérane;Veteranin;;Veterana;;;;;;;;;x
warrior_lodge_satsana_pi_rank_4_female;Heroine;Héroïne;Heldin;;Heroína;;;;;;;;;x
warrior_lodge_satsana_pi_rank_1_male;Fledgling;Novice;Grünschnabel;;Novato;;;;;;;;;x
warrior_lodge_satsana_pi_rank_2_male;Warrior;Guerrier;Krieger;;Guerrero;;;;;;;;;x
warrior_lodge_satsana_pi_rank_3_male;Veteran;Vétéran;Veteran;;Veterano;;;;;;;;;x
warrior_lodge_satsana_pi_rank_4_male;Hero;Héros;Held;;Héroe;;;;;;;;;x
string_satsana_pi_symbol;the Divine Club;;;;;;;;;;;;;x
string_satsana_pi_symbol_cap;the Divine Club;;;;;;;;;;;;;x
string_satsana_pi_symbol_short;Divine Club;;;;;;;;;;;;;x
string_satsana_pi_symbol_short_cap;Divine Club;;;;;;;;;;;;;x
string_battle_nick_satsana_pi_symbol;the Divine Club;;;;;;;;;;;;;x
satsana_pi_leader;Avenger;;;;;;;;;;;;;x
satsana_pi_leader_desc;This character's aggressiveness and zeal can be felt across all the troops they lead.;;;;;;;;;;;;;x
###############
warrior_lodge_esoteric_leader_desc;[GetSocietyLeaderDesc];[GetSocietyLeaderDesc];[GetSocietyLeaderDesc];;[GetSocietyLeaderDesc];;;;;;;;;x
warrior_lodge_esoteric;Her Majesty's Knights;;;;;;;;;;;;;x
warrior_lodge_esoteric_desc;Before the Event, the Queen would prize her most loyal followers with the tile of Knight. Those great men would have the unmatched honor of serving her closely. Until the Queen comes back, it is this Lodge of her mightiest followers that takes the role of selecting the most valiant heroes to serve her.;;;;;;;;;;;;;x
has_liege_vassal_or_neighbor_of_esoteric_religion_tt;Has a §YLiege§!, §YVassal§!, or a §Yneighbouring ruler§! who follows the §Thelemic§!, §Old Thelemic§! or §Summer Queen§! faith\n;A un §Yseigneur lige§!, un §Yvassal§! ou un §Yseigneur voisin§! qui suit la foi §Yesoteric§!\n;Hat einen §YLehnsherrn§!, §YVasallen§! oder §Ybenachbarten Herrscher§!, der dem §Yesoteric§! Glauben folgt\n;;Tiene un §Yseñor§!, §Yvasallo§!, o §Ygobernante vecino§! que sigue la fe §Yesoteric§!\n;;;;;;;;;x
warrior_lodge_khanist_leader_desc;[GetSocietyLeaderDesc];[GetSocietyLeaderDesc];[GetSocietyLeaderDesc];;[GetSocietyLeaderDesc];;;;;;;;;x
warrior_lodge_khanist;The Wrath of the Khan;;;;;;;;;;;;;x
warrior_lodge_khanist_desc;In ancient times, the Great Khan ruled the plains from China to far Rus, the hooves of his followers destroying any enemy on their path. After the Event, the Khanist greatest warriors swore to embody his fury, and formed the lodge of the Wrath of the Khan.;;;;;;;;;;;;;x
has_liege_vassal_or_neighbor_of_khanist_religion_tt;Has a §YLiege§!, §YVassal§!, or a §Yneighbouring ruler§! who follows the §YKhanist§! faith\n;A un §Yseigneur lige§!, un §Yvassal§! ou un §Yseigneur voisin§! qui suit la foi §Ykhanist§!\n;Hat einen §YLehnsherrn§!, §YVasallen§! oder §Ybenachbarten Herrscher§!, der dem §Ykhanist§! Glauben folgt\n;;Tiene un §Yseñor§!, §Yvasallo§!, o §Ygobernante vecino§! que sigue la fe §Ykhanist§!\n;;;;;;;;;x
warrior_lodge_ironist_leader_desc;[GetSocietyLeaderDesc];[GetSocietyLeaderDesc];[GetSocietyLeaderDesc];;[GetSocietyLeaderDesc];;;;;;;;;x
warrior_lodge_ironist;The Protectors of the Aral;;;;;;;;;;;;;;x
warrior_lodge_ironist_desc;In the harsh plains of the Kazakh Plains, the water of the Aral Sea is a treasure. The Ironists believe it has to be protected at all costs from further damage, and the Protectors of the Aral are the greatest chariotiers that make a oath to defend it from any that might cause harm to it.;;;;;;;;;;;;;x
has_liege_vassal_or_neighbor_of_ironist_religion_tt;Has a §YLiege§!, §YVassal§!, or a §Yneighbouring ruler§! who follows the §YIronist§! faith\n;A un §Yseigneur lige§!, un §Yvassal§! ou un §Yseigneur voisin§! qui suit la foi §Yironist§!\n;Hat einen §YLehnsherrn§!, §YVasallen§! oder §Ybenachbarten Herrscher§!, der dem §Yironist§! Glauben folgt\n;;Tiene un §Yseñor§!, §Yvasallo§!, o §Ygobernante vecino§! que sigue la fe §Yironist§!\n;;;;;;;;;x
warrior_lodge_folklorist_leader_desc;[GetSocietyLeaderDesc];[GetSocietyLeaderDesc];[GetSocietyLeaderDesc];;[GetSocietyLeaderDesc];;;;;;;;;x
warrior_lodge_folklorist;School of The White Wolf;;;;;;;;;;;;;;x
warrior_lodge_folklorist_desc;The legendary hero only known as the White Wolf instructed the Vedmak	s during the Event on how to drive away the evil spirits that torment the world. However, he also left behind instructions on fighting said spirits and other enemies. The School of the White Wolf is formed by those that wish to learn to fight those elusive creatures.;;;;;;;;;;;;;x
has_liege_vassal_or_neighbor_of_folklorist_religion_tt;Has a §YLiege§!, §YVassal§!, or a §Yneighbouring ruler§! who follows the §YFolklorist§! faith\n;A un §Yseigneur lige§!, un §Yvassal§! ou un §Yseigneur voisin§! qui suit la foi §Yfolklorist§!\n;Hat einen §YLehnsherrn§!, §YVasallen§! oder §Ybenachbarten Herrscher§!, der dem §Yfolklorist§! Glauben folgt\n;;Tiene un §Yseñor§!, §Yvasallo§!, o §Ygobernante vecino§! que sigue la fe §Yfolklorist§!\n;;;;;;;;;x
warrior_lodge_maunaxite_leader_desc;[GetSocietyLeaderDesc];[GetSocietyLeaderDesc];[GetSocietyLeaderDesc];;[GetSocietyLeaderDesc];;;;;;;;;x
warrior_lodge_maunaxite;The Rakshasa Hunters;;;;;;;;;;;;;;x
warrior_lodge_maunaxite_desc;It is said that Shiva and his followers once hunted the dangerous Devils far and wide. The Dharmics to this day are on a war with the Rakshasa, messengers of chaos and famine, and the Rakshasa Hunters take on the mission of destroying any of the birds. To this end, they train endlessly, becoming the most lethal bowmen in the world.;;;;;;;;;;;;;x
has_liege_vassal_or_neighbor_of_maunaxite_religion_tt;Has a §YLiege§!, §YVassal§!, or a §Yneighbouring ruler§! who follows the §Y[maunaxite.GetName]§! faith\n;A un §Yseigneur lige§!, un §Yvassal§! ou un §Yseigneur voisin§! qui suit la foi §Y[maunaxite.GetName]§!\n;Hat einen §YLehnsherrn§!, §YVasallen§! oder §Ybenachbarten Herrscher§!, der dem §Y[maunaxite.GetName]§! Glauben folgt\n;;Tiene un §Yseñor§!, §Yvasallo§!, o §Ygobernante vecino§! que sigue la fe §Y[maunaxite.GetName]§!\n;;;;;;;;;x
has_liege_vassal_or_neighbor_of_sikh_religion_tt;Has a §YLiege§!, §YVassal§!, or a §Yneighbouring ruler§! who follows the §YSikh§! faith\n;A un §Yseigneur lige§!, un §Yvassal§! ou un §Yseigneur voisin§! qui suit la foi §Ysikh§!\n;Hat einen §YLehnsherrn§!, §YVasallen§! oder §Ybenachbarten Herrscher§!, der dem §Ysikh§! Glauben folgt\n;;Tiene un §Yseñor§!, §Yvasallo§!, o §Ygobernante vecino§! que sigue la fe §Ysikh§!\n;;;;;;;;;x
warrior_lodge_novelist_leader_desc;[GetSocietyLeaderDesc];[GetSocietyLeaderDesc];[GetSocietyLeaderDesc];;[GetSocietyLeaderDesc];;;;;;;;;x
warrior_lodge_novelist;Les Paladins de Charlemagne;;;;;;;;;;;;;;x
warrior_lodge_novelist_desc;Since the beginning of time, the greatest warriors of France and Numenor have been the Paladins. Led by such legendary figures as Asterix, Roland, Tancredi, The Three Musketeers and Don Quixote de la Mancha, the Paladins always aim to become the bravest Knights that might serve in the ranks of the God of War D'Artagnan, in hopes of proving themselves as peers of their brave predecessors through the Ages.;;;;;;;;;;;;;x
has_liege_vassal_or_neighbor_of_novelist_religion_tt;Has a §YLiege§!, §YVassal§!, or a §Yneighbouring ruler§! who follows the §YNovelist§! faith\n;A un §Yseigneur lige§!, un §Yvassal§! ou un §Yseigneur voisin§! qui suit la foi §Ynovelist§!\n;Hat einen §YLehnsherrn§!, §YVasallen§! oder §Ybenachbarten Herrscher§!, der dem §Ynovelist§! Glauben folgt\n;;Tiene un §Yseñor§!, §Yvasallo§!, o §Ygobernante vecino§! que sigue la fe §Ynovelist§!\n;;;;;;;;;x
warrior_lodge_zarist_leader_desc;[GetSocietyLeaderDesc];[GetSocietyLeaderDesc];[GetSocietyLeaderDesc];;[GetSocietyLeaderDesc];;;;;;;;;x
warrior_lodge_zarist;The White Army;;;;;;;;;;;;;;x
warrior_lodge_zarist_desc;The Tsarists believe that, long before the Event, the greatest army that ever existed, the White Army, fought against the trecherous Red Army in a struggle to defend the Tzar. After the Event, the Zarists formed a new White Army, to train themselves in the art of war and protect the future Tzars.;;;;;;;;;;;;;x
has_liege_vassal_or_neighbor_of_zarist_religion_tt;Has a §YLiege§!, §YVassal§!, or a §Yneighbouring ruler§! who follows the §YTsarist§!, §Katerinist§! or §Petrist§! faith\n;A un §Yseigneur lige§!, un §Yvassal§! ou un §Yseigneur voisin§! qui suit la foi §Yzarist§!\n;Hat einen §YLehnsherrn§!, §YVasallen§! oder §Ybenachbarten Herrscher§!, der dem §Yzarist§! Glauben folgt\n;;Tiene un §Yseñor§!, §Yvasallo§!, o §Ygobernante vecino§! que sigue la fe §Yzarist§!\n;;;;;;;;;x
warrior_lodge_nousthreskeia_leader_desc;[GetSocietyLeaderDesc];[GetSocietyLeaderDesc];[GetSocietyLeaderDesc];;[GetSocietyLeaderDesc];;;;;;;;;x
warrior_lodge_nousthreskeia;The Warriors of Chelovecheskiye Dukhi;;;;;;;;;;;;;;x
warrior_lodge_nousthreskeia_desc;The Warriors of Chelovecheskiye Dukhi follow the steps of the legendary fighters who faught spirits that destroyed the world in Antediluvian times, forming warrior bands that fight for the glory of the Mirrazum. As they wander the frozen tundra, they seek to return to the lost city of Pripyat, and to this end search for the mightiest warriors to cut a path for Mirrazumudrosters.;;;;;;;;;;;;;x
nousthreskeia_leader;Warrior of Chelovecheskiye Dukhi;;;;;;;;;;;;;;x
has_liege_vassal_or_neighbor_of_noushtreskeia_religion_tt;Has a §YLiege§!, §YVassal§!, or a §Yneighbouring ruler§! who follows the §nousthreskeia§! faith\n;A un §Yseigneur lige§!, un §Yvassal§! ou un §Yseigneur voisin§! qui suit la foi §Ynousthreskeia§!\n;Hat einen §YLehnsherrn§!, §YVasallen§! oder §Ybenachbarten Herrscher§!, der dem §Ynousthreskeia§! Glauben folgt\n;;Tiene un §Yseñor§!, §Yvasallo§!, o §Ygobernante vecino§! que sigue la fe §Ynousthreskeia§!\n;;;;;;;;;x
warrior_lodge_celtic_pagan_leader_desc;[GetSocietyLeaderDesc];[GetSocietyLeaderDesc];[GetSocietyLeaderDesc];;[GetSocietyLeaderDesc];;;;;;;;;x
warrior_lodge_celtic_pagan;The Fianna;;;;;;;;;;;;;;x
warrior_lodge_celtic_pagan_desc;The Fianna follow the steps of legendary Heroes such as Finn MacCumhaill and CuCulainn, forming warrior bands that fight for the glory of the Druidic gods.;;;;;;;;;;;;;x
has_liege_vassal_or_neighbor_of_celtic_pagan_religion_tt;Has a §YLiege§!, §YVassal§!, or a §Yneighbouring ruler§! who follows the §Druidic§! faith\n;A un §Yseigneur lige§!, un §Yvassal§! ou un §Yseigneur voisin§! qui suit la foi §Yceltic_pagan§!\n;Hat einen §YLehnsherrn§!, §YVasallen§! oder §Ybenachbarten Herrscher§!, der dem §Yceltic_pagan§! Glauben folgt\n;;Tiene un §Yseñor§!, §Yvasallo§!, o §Ygobernante vecino§! que sigue la fe §Yceltic_pagan§!\n;;;;;;;;;x
warrior_lodge_mesopotamian_leader_desc;[GetSocietyLeaderDesc];[GetSocietyLeaderDesc];[GetSocietyLeaderDesc];;[GetSocietyLeaderDesc];;;;;;;;;x
warrior_lodge_mesopotamian;The Brothers of Enkidu;;;;;;;;;;;;;;x
warrior_lodge_mesopotamian_desc;As the Sky Bull killed Enkidu, the great king and first of his Brothers, Gilgamesh, went on a mission to search immortality, and ultimately came as close to his goal as any man could, but ultimately failed. The Brothers of Enkidu take the mantle of the mission of bringing immortality to humanity. As this search is dangerous and will certainly kill the unprepared, the Brothers train to reach the might of the Great King.;;;;;;;;;;;;;x
has_liege_vassal_or_neighbor_of_mesopotamian_religion_tt;Has a §YLiege§!, §YVassal§!, or a §Yneighbouring ruler§! who follows the §YMesopotamian§! faith\n;A un §Yseigneur lige§!, un §Yvassal§! ou un §Yseigneur voisin§! qui suit la foi §Ymesopotamian§!\n;Hat einen §YLehnsherrn§!, §YVasallen§! oder §Ybenachbarten Herrscher§!, der dem §Ymesopotamian§! Glauben folgt\n;;Tiene un §Yseñor§!, §Yvasallo§!, o §Ygobernante vecino§! que sigue la fe §Ymesopotamian§!\n;;;;;;;;;x
has_liege_vassal_or_neighbor_of_starist_religion_tt;Has a §YLiege§!, §YVassal§!, or a §Yneighbouring ruler§! who follows the §Y[starist_pagan.GetName]§! faith\n;A un §Yseigneur lige§!, un §Yvassal§! ou un §Yseigneur voisin§! qui suit la foi §Yfolklorist§!\n;Hat einen §YLehnsherrn§!, §YVasallen§! oder §Ybenachbarten Herrscher§!, der dem §Yfolklorist§! Glauben folgt\n;;Tiene un §Yseñor§!, §Yvasallo§!, o §Ygobernante vecino§! que sigue la fe §Yfolklorist§!\n;;;;;;;;;x
warrior_lodge_sea_creed_leader_desc;[GetSocietyLeaderDesc];[GetSocietyLeaderDesc];[GetSocietyLeaderDesc];;[GetSocietyLeaderDesc];;;;;;;;;x
warrior_lodge_sea_creed;The Sailors of the Eternal Sea;;;;;;;;;;;;;;x
warrior_lodge_sea_creed_desc;The Sailors of the Eternal Sea are a loose organisation of Sea Creed pirates who all share the common goal of improving themselves in their pirate endeavors.;;;;;;;;;;;;;x
warrior_lodge_poseidonian_leader_desc;[GetSocietyLeaderDesc];[GetSocietyLeaderDesc];[GetSocietyLeaderDesc];;[GetSocietyLeaderDesc];;;;;;;;;x
warrior_lodge_poseidonian;The Sailors of Poseidon;;;;;;;;;;;;;;x
warrior_lodge_poseidonian_desc;The Sailors of Poseidon train hard and maintain an expert navy, not only for the purpose of battle, but for games of sport  participating is prestigious, and the most skillful of their community are adored by everyone, commoner and noble alike.;Les Champions de l'Olympe s'entraînent durement et garde une bonne condition physique, non seulement pour les batailles, mais aussi pour les jeux sportifs  y participer est prestigieux, et les plus talentueux de leur communauté sont adorés par tous, roturiers comme nobles.;Die Champions des Olymp trainieren hart und halten einen sportlichen Körperbau aufrecht. Dies dient nicht nur dem Zweck des Kampfes, sondern auch für Wettkämpfe, deren Teilnahme sehr prestigeträchtig ist. Die fähigsten unter ihnen werden von allen, ob bürgerlich oder Adel, gleichermaßen verehrt.;;Los Campeones Olímpicos entrenan duro y mantienen un físico experto, no solo con el propósito de la batalla, sino para los juegos de deporte -participar da prestigio, y los más hábiles de su comunidad son adorados por todos, plebeyos y nobles por igual.;;;;;;;;;x
warrior_lodge_wokou_leader_desc;[GetSocietyLeaderDesc];[GetSocietyLeaderDesc];[GetSocietyLeaderDesc];;[GetSocietyLeaderDesc];;;;;;;;;x
warrior_lodge_wokou;Pirates of the Pacific;;;;;;;;;;;;;;x
warrior_lodge_wokou_desc;The Pirates of the Pacific are a loose organisation of Wokou pirates who all share the common goal of improving themselves in their pirate endeavors.;;;;;;;;;;;;;x
has_liege_vassal_or_neighbor_of_oceanic_religion_tt;Has a §YLiege§!, §YVassal§!, or a §Yneighbouring ruler§! who follows the §YOceanic§! faith\n;A un §Yseigneur lige§!, un §Yvassal§! ou un §Yseigneur voisin§! qui suit la foi §Ymesopotamian§!\n;Hat einen §YLehnsherrn§!, §YVasallen§! oder §Ybenachbarten Herrscher§!, der dem §Ymesopotamian§! Glauben folgt\n;;Tiene un §Yseñor§!, §Yvasallo§!, o §Ygobernante vecino§! que sigue la fe §Ymesopotamian§!\n;;;;;;;;;x
has_liege_vassal_or_neighbor_of_sea_creed_religion_tt;Has a §YLiege§!, §YVassal§!, or a §Yneighbouring ruler§! who follows the §YSea Creed§! faith\n;A un §Yseigneur lige§!, un §Yvassal§! ou un §Yseigneur voisin§! qui suit la foi §Ymesopotamian§!\n;Hat einen §YLehnsherrn§!, §YVasallen§! oder §Ybenachbarten Herrscher§!, der dem §Ymesopotamian§! Glauben folgt\n;;Tiene un §Yseñor§!, §Yvasallo§!, o §Ygobernante vecino§! que sigue la fe §Ymesopotamian§!\n;;;;;;;;;x
has_liege_vassal_or_neighbor_of_poseidonian_religion_tt;Has a §YLiege§!, §YVassal§!, or a §Yneighbouring ruler§! who follows the §YPoseidonian§! faith\n;A un §Yseigneur lige§!, un §Yvassal§! ou un §Yseigneur voisin§! qui suit la foi §Ymesopotamian§!\n;Hat einen §YLehnsherrn§!, §YVasallen§! oder §Ybenachbarten Herrscher§!, der dem §Ymesopotamian§! Glauben folgt\n;;Tiene un §Yseñor§!, §Yvasallo§!, o §Ygobernante vecino§! que sigue la fe §Ymesopotamian§!\n;;;;;;;;;x
has_liege_vassal_or_neighbor_of_wokou_religion_tt;Has a §YLiege§!, §YVassal§!, or a §Yneighbouring ruler§! who follows the §YWokou§! faith\n;A un §Yseigneur lige§!, un §Yvassal§! ou un §Yseigneur voisin§! qui suit la foi §Ymesopotamian§!\n;Hat einen §YLehnsherrn§!, §YVasallen§! oder §Ybenachbarten Herrscher§!, der dem §Ymesopotamian§! Glauben folgt\n;;Tiene un §Yseñor§!, §Yvasallo§!, o §Ygobernante vecino§! que sigue la fe §Ymesopotamian§!\n;;;;;;;;;x
string_esoteric_symbol;the mare;;;;;;;;;;;;;x
string_esoteric_symbol_cap;the mare;;;;;;;;;;;;;x
string_esoteric_symbol_short;mare;;;;;;;;;;;;;x
string_esoteric_symbol_short_cap;Mare;;;;;;;;;;;;;x
string_battle_nick_esoteric_symbol;the Wrath of Her Majesty;;;;;;;;;;;;;x
string_WL_esoteric_religion;§Y[thelemic_reformed.GetName]§!, §Y[thelemic.GetName]§! or §Y[summer_queen.GetName]§! religion;la religion §Y[thelemic_reformed.GetName]§!;§Y[thelemic_reformed.GetName]en§! Religion;;Religión §Y[thelemic_reformed.GetName]§!;;;;;;;;;x
string_khanist_symbol;the eagle;;;;;;;;;;;;;x
string_khanist_symbol_cap;the eagle;;;;;;;;;;;;;x
string_khanist_symbol_short;eagle;;;;;;;;;;;;;x
string_khanist_symbol_short_cap;eagle;;;;;;;;;;;;;x
string_battle_nick_khanist_symbol;Eagle Spirit;;;;;;;;;;;;;x
string_WL_khanist_religion;§Y[khanist.GetName]§! religion;la religion §Y[khanist.GetName]§!;§Y[khanist.GetName]en§! Religion;;Religión §Y[khanistd.GetName]§!;;;;;;;;;x
string_ironist_symbol;the eternal wheel;;;;;;;;;;;;;x
string_ironist_symbol_cap;the eternal wheel;;;;;;;;;;;;;x
string_ironist_symbol_short;wheel;;;;;;;;;;;;;x
string_ironist_symbol_short_cap;Wheel;;;;;;;;;;;;;x
string_battle_nick_ironist_symbol;Breaking Wheel;;;;;;;;;;;;;x
string_WL_ironist_religion;§Y[ironist.GetName]§! religion;la religion §Y[ironist.GetName]§!;§Y[ironist.GetName]en§! Religion;;Religión §Y[ironist.GetName]§!;;;;;;;;;x
string_folklorist_symbol;the wolf;;;;;;;;;;;;;x
string_folklorist_symbol_cap;the wolf;;;;;;;;;;;;;x
string_folklorist_symbol_short;wolf;;;;;;;;;;;;;x
string_folklorist_symbol_short_cap;Wolf;;;;;;;;;;;;;x
string_battle_nick_folklorist_symbol;Wolf Spirit;;;;;;;;;;;;;x
string_WL_folklorist_religion;§Y[folklorist_reformed.GetName]§! religion;la religion §Y[folklorist_reformed.GetName]§!;§Y[folklorist_reformed.GetName]en§! Religion;;Religión §Y[folklorist_reformed.GetName]§!;;;;;;;;;x
string_maunaxite_symbol;the fowler;;;;;;;;;;;;;x
string_maunaxite_symbol_cap;the fowler;;;;;;;;;;;;;x
string_maunaxite_symbol_short;fowler;;;;;;;;;;;;;x
string_maunaxite_symbol_short_cap;Fowler;;;;;;;;;;;;;x
string_battle_nick_maunaxite_symbol;the Rakshasa Killer;;;;;;;;;;;;;x
string_WL_maunaxite_religion;§Y[maunaxite_reformed.GetName]§! religion;la religion §Y[maunaxite_reformed.GetName]§!;§Y[maunaxite_reformed.GetName]en§! Religion;;Religión §Y[maunaxite_reformed.GetName]§!;;;;;;;;;x
string_sikh_symbol;the gurus;;;;;;;;;;;;;x
string_sikh_symbol_cap;the gurus;;;;;;;;;;;;;x
string_sikh_symbol_short;guru;;;;;;;;;;;;;x
string_sikh_symbol_short_cap;Guru;;;;;;;;;;;;;x
string_battle_nick_sikh_symbol;the Egoless;;;;;;;;;;;;;x
string_WL_sikh_religion;§Y[sikh.GetName]§! religion;la religion §Y[sikh.GetName]§!;§Y[sikh.GetName]en§! Religion;;Religión §Y[sikh.GetName]§!;;;;;;;;;x
string_novelist_symbol;The Paladin;;;;;;;;;;;;;x
string_novelist_symbol_cap;The Paladin;;;;;;;;;;;;;x
string_novelist_symbol_short;paladin;;;;;;;;;;;;;x
string_novelist_symbol_short_cap;Paladin;;;;;;;;;;;;;x
string_battle_nick_novelist_symbol;the Paladin;;;;;;;;;;;;;x
string_WL_novelist_religion;§Y[novelist_reformed.GetName]§! religion;la religion §Y[novelist_reformed.GetName]§!;§Y[novelist_reformed.GetName]en§! Religion;;Religión §Y[novelist_reformed.GetName]§!;;;;;;;;;x
string_zarist_symbol;The bear;;;;;;;;;;;;;x
string_zarist_symbol_cap;The Bear;;;;;;;;;;;;;x
string_zarist_symbol_short;Bear;;;;;;;;;;;;;x
string_zarist_symbol_short_cap;Bear;;;;;;;;;;;;;x
string_battle_nick_zarist_symbol;Bear Spirit;;;;;;;;;;;;;x
string_WL_zarist_religion;§Y[zarist.GetName]§!, §Y[katerinist.GetName]§! or §Y[petrist.GetName]§! religion;la religion §Y[zarist.GetName]§!;§Y[zarist.GetName]en§! Religion;;Religión §Y[zarist.GetName]§!;;;;;;;;;x
string_celtic_pagan_symbol;the deer;;;;;;;;;;;;;x
string_celtic_pagan_symbol_cap;the deer;;;;;;;;;;;;;x
string_celtic_pagan_symbol_short;deer;;;;;;;;;;;;;x
string_celtic_pagan_symbol_short_cap;Deer;;;;;;;;;;;;;x
string_battle_nick_celtic_pagan_symbol;Deer Spirit;;;;;;;;;;;;;x
string_WL_celtic_pagan_religion;§Y[celtic_pagan_reformed.GetName]§! religion;la religion §Y[celtic_pagan_reformed.GetName]§!;§Y[celtic_pagan_reformed.GetName]en§! Religion;;Religión §Y[celtic_pagan_reformed.GetName]§!;;;;;;;;;x
string_mesopotamian_symbol;the bull;;;;;;;;;;;;;x
string_mesopotamian_symbol_cap;The Bull;;;;;;;;;;;;;x
string_mesopotamian_symbol_short;bull;;;;;;;;;;;;;x
string_mesopotamian_symbol_short_cap;Bull;;;;;;;;;;;;;x
string_battle_nick_mesopotamian_symbol;Bull Spirit;;;;;;;;;;;;;x
string_WL_mesopotamian_religion;§Y[mesopotamian.GetName]§! religion;la religion §Y[mesopotamian.GetName]§!;§Y[mesopotamian.GetName]en§! Religion;;Religión §Y[mesopotamian.GetName]§!;;;;;;;;;x
string_sea_creed_symbol;the fish;;;;;;;;;;;;;x
string_sea_creed_symbol_cap;The Fish;;;;;;;;;;;;;x
string_sea_creed_symbol_short;fish;;;;;;;;;;;;;x
string_sea_creed_symbol_short_cap;Fish;;;;;;;;;;;;;x
string_battle_nick_sea_creed_symbol;Fish Spirit;;;;;;;;;;;;;x
string_poseidonian_symbol;the dolphin;;;;;;;;;;;;;x
string_poseidonian_symbol_cap;The Dolphin;;;;;;;;;;;;;x
string_poseidonian_symbol_short;dolphin;;;;;;;;;;;;;x
string_poseidonian_symbol_short_cap;Dolphin;;;;;;;;;;;;;x
string_battle_nick_poseidonian_symbol;Dolphin Spirit;;;;;;;;;;;;;x
string_sea_creed_symbol;the fish;;;;;;;;;;;;;x
string_sea_creed_symbol_cap;The Fish;;;;;;;;;;;;;x
string_sea_creed_symbol_short;fish;;;;;;;;;;;;;x
string_sea_creed_symbol_short_cap;Fish;;;;;;;;;;;;;x
string_battle_nick_sea_creed_symbol;Fish Spirit;;;;;;;;;;;;;x
string_WL_brethren_religion;§Y[brethren.GetName]§! religion;la religion §Y[brethren.GetName]§!;§Y[brethren.GetName]en§! Religion;;Religión §Y[brethren.GetName]§!;;;;;;;;;x
string_WL_poseidonian_religion;§Y[poseidonian.GetName]§! religion;la religion §Y[brethren.GetName]§!;§Y[poseidonian.GetName]en§! Religion;;Religión §Y[poseidonian.GetName]§!;;;;;;;;;x
string_WL_east_brethren_religion;§Y[east_brethren.GetName]§! religion;la religion §Y[east_brethren.GetName]§!;§Y[east_brethren.GetName]en§! Religion;;Religión §Y[east_brethren.GetName]§!;;;;;;;;;x
string_WL_oceanic_religion;§Y[oceanic.GetGroupName]§! religion;la religion §Y[oceanic.GetGroupName]§!;§Y[oceanic.GetGroupName]en§! Religion;;Religión §Y[oceanic.GetGroupName]§!;;;;;;;;;x
sikh_leader;Egoless Immortal;;;;;;;;;x
sikh_leader_desc;This character is a tireless soldier of the Akali Nihang, well-versed in the traditional ways of warfare in the Punjab.;;;;;;;;;x
novelist_leader;Panoramixian;;;;;;;;;;;;;x
novelist_leader_desc;This character claims to bear the powers which only can only achieved by the blessing of Panoramix.;;;;;;;;;;;;;x
celtic_pagan_leader;Green Bandit;;;;;;;;;;;;;x
celtic_pagan_leader_desc;This character learnt to move rapidly in difficult terrains and catch the enemy with ambushes.;;;;;;;;;;;;;x
mesopotamian_leader;Rammer;;;;;;;;;;;;;x
mesopotamian_leader_desc;This character follows an aggressive battle tactics and even personally charge the enemy.;;;;;;;;;;;;;x
razumist_leader;Warrior of Chelovecheskiye Dukhi;;;;;;;;;;;;;;x
razumist_leader_desc;This character's natural habitat is Siberia and there they are at their peak combat performance.;;;;;;;;;;;;;;x
folklorist_leader;Pack Leader;;;;;;;;;;;;;x
folklorist_leader_desc;This character is charismatic and cunning enough to effectively lead large group of his soldiers.;;;;;;;;;;;;;x
zarist_leader;Avalancher;;;;;;;;;;;;;x
zarist_leader_desc;This character can launch enormous and terrifying charges.;;;;;;;;;;;;;x
maunaxite_leader;Stalker;;;;;;;;;;;;;x
maunaxite_leader_desc;This character has perfect vision and never misses [This.GetHerHis] target.;;;;;;;;;;;;;x
british_leader;Hexagramist;;;;;;;;;;;;;x
british_leader_desc;This character regularly plays a sacred ancient strategy game that is played on hexagrams.;;;;;;;;;;;;;x
jacobinist_leader;Guillotinist;;;;;;;;;;;;;x
jacobinist_leader_desc;This character specializes in capturing people to sacrifice to Madame Guillotine.;;;;;;;;;;;;;x
ironist_leader;Gearboxer;;;;;;;;;;;;;x
ironist_leader_desc;This character learnt to do breathtaking maneuvers with the rapid changes of speed and direction.;;;;;;;;;;;;;x
starist_leader;Warrior of the Aurora;;;;;;;;;;;;;x
starist_leader_desc;Those of the Starist faith that achieve great military success become known as Warriors of the Aurora. Protected by the light of the northern skies, those ingenious commanders are the true masters of combat in the lands of ice and snow.;;;;;;;;;;;;;x
sea_creed_leader;Warrior of the Seas;;;;;;;;;;;;;x
sea_creed_leader_desc;This character has become experienced in the art of coastal raiding;;;;;;;;;;;;;x
poseidonian_leader;Ploiarch;;;;;;;;;;;;;x
poseidonian_leader_desc;This character has become experienced in the art of sailing, as well as managing and mantaining a ship;;;;;;;;;;;;;x
wokou_leader;Warrior of the Seas;;;;;;;;;;;;;x
wokou_leader_desc;This character has become experienced in the art of coastal raiding;;;;;;;;;;;;;x
devil_workshippers_recruit_block_tooltip;Has not been approached by devil workshipers before.;N'a pas déjà été approché par le Illuminati.;Wurde noch nicht von den Illuminati angesprochen.;;Nunca ha tenido contacto con el Illuminati.;;;;;;;;;x
devil_workshippers_recruit;Recruit for [From.Religion.GetRandomEvilGodNameCap];Recruter pour [From.GetEvilGodLeLaLes];Für [From.Religion.GetRandomEvilGodNameCap] rekrutieren;;Reclutar para [From.Religion.GetRandomEvilGodNameCap];;;;;;;;;x
devil_workshippers_recruit_desc;Attempt to find out whether §Y[Root.GetTitledFirstName]§! lusts for the power of the occult. If so, you may offer [Root.GetHerHim] to join your Society.;Tenter de savoir si [Root.Get_le_TitledFirstNameJ] convoite les puissances occultes.Si c'est le cas, vous pourriez lui proposer de rejoindre votre société.;Versuche herauszufinden, ob §Y[Root.GetTitledFirstName]§! nach okkulter Macht trachtet. Falls dem so ist, könnt Ihr [Root.GetHerHim] in den Kreis der Jünger Eures Zirkels einladen.;;Averigua si §Y[Root.GetTitleFirstName]§! codicia el poder de las fuerzas ocultas. En caso afirmativo, puedes invitarlo/la a unirse a tu sociedad.;;;;;;;;;x
;;;;;;;;;;;;;;;
String_the_Illuminati;The Illuminati;;;;;;;;;;;;;x
String_Illuminati;Illuminati;;;;;;;;;;;;;x
the_illuminati;[GetIlluminatiSocietyName];[GetIlluminatiSocietyName];[GetIlluminatiSocietyName];;[GetIlluminatiSocietyName];;;;;;;;;x
the_illuminati_real;The Illuminati;Le Illuminati;Das Illuminati;;El Illuminati;;;;;;;;;x
the_illuminati_random;The Lovers of [americanist.GetRandomEvilGodNameCap];Adorateurs du [americanist.GetRandomEvilGodNameCap];Die Liebhaber von [americanist.GetRandomEvilGodNameCap];;Amantes de [americanist.GetRandomEvilGodNameCap];;;;;;;;;x
the_illuminati_desc;[GetIlluminatiSocietyDesc];[GetIlluminatiSocietyDesc];[GetIlluminatiSocietyDesc];;[GetIlluminatiSocietyDesc];;;;;;;;;x
the_illuminati_desc_real;The ultimate cause of the Event which destroyed Old Europe is shrouded in mystery. However, there is one theory that has persisted through the ages. It claims that a secret society used supernatural powers to bring down Old Europe for their own evil ends. Some say this society still exists today, and that they are looking for new members...;;;;;;;;;x
the_illuminati_leader_desc;[GetSocietyLeaderDesc].;;;;;;;;;x
the_illuminati_rank_1_female;Inspector;Inspector;Inspector;;Inspector;;;;;;;;;x
the_illuminati_rank_1_male;Inspector;Inspecteur;Inspektor;;Inspector;;;;;;;;;x
the_illuminati_rank_2_female;Dame;Dame;Dame;;Dama;;;;;;;;;x
the_illuminati_rank_2_male;Knight;Chevalier;Ritter;;Caballero;;;;;;;;;x
the_illuminati_rank_3_female;Princess;Princesse;Prinzessin;;Princesa;;;;;;;;;x
the_illuminati_rank_3_male;Prince;Prince;Prinz;;Príncipe;;;;;;;;;x
the_illuminati_rank_4_female;Mistress;Maîtresse;Herrin;;Amante;;;;;;;;;x
the_illuminati_rank_4_male;Grand Master;Maîtriser;Meister;;Dominar;;;;;;;;;x
currency_name_the_illuminati;Dark Power;Pouvoir obscur;Dunkle Macht;;Poder oscuro;;;;;;;;;x
;;;;;;;;;;;;;;;
String_Davy_Jones_Mates;Davy Jones' Mates;;;;;;;;;x
davy_jones_mates;[GetDavyJonesSocietyName];[GetDavyJonesSocietyName];[GetDavyJonesSocietyName];;[GetDavyJonesSocietyName];;;;;;;;;x
davy_jones_mates_real;Davy Jones' Mates;;;;;;;;;;;;;x
davy_jones_mates_random;The Lovers of [brethren.GetRandomEvilGodNameCap];Adorateurs du [brethren.GetRandomEvilGodNameCap];Die Liebhaber von [brethren.GetRandomEvilGodNameCap];;Amantes de [brethren.GetRandomEvilGodNameCap];;;;;;;;;x
davy_jones_mates_desc;[GetDavyJonesSocietyDesc];[GetDavyJonesSocietyDesc];[GetDavyJonesSocietyDesc];;[GetDavyJonesSocietyDesc];;;;;;;;;x
davy_jones_mates_desc_real;[brethren.GetName] pirates regularly engage in acts that many view as barbaric, but they at least follow a code of conduct... at least, most of them do. Some pirates disregard the sacred [brethren.GetName] Code and extract more than their fair share of [brethren.GetHighGodName]'s bounty using unspeakable methods. They are followers of Davy Jones - Davy Jones' Mates.;;;;;;;;;x
String_Davy_jones_mates;Davy Jones' Mates;;;;;;;;;;;;;x
davy_jones_mates_leader_desc;[GetSocietyLeaderDesc].;;;;;;;;;x
davy_jones_mates_rank_1_female;Cabin Girl;;;;;;;;;x
davy_jones_mates_rank_1_male;Cabin Boy;;;;;;;;;x
davy_jones_mates_rank_2_female;Crewwoman;;;;;;;;;x
davy_jones_mates_rank_2_male;Crewman;;;;;;;;;x
davy_jones_mates_rank_3_female;First Mate;;;;;;;;;x
davy_jones_mates_rank_3_male;First Mate;;;;;;;;;x
davy_jones_mates_rank_4_female;High Captain;;;;;;;;;x
davy_jones_mates_rank_4_male;High Captain;;;;;;;;;x
currency_name_davy_jones_mates;Dark Power;Pouvoir obscur;Dunkle Macht;;Poder oscuro;;;;;;;;;x
;;;;;;;;;;;;;;;
String_Church_of_Starry_Wisdom;The Bookeepers of the King in Yellow;;;;;;;;;x
starry_wisdom;[GetStarryWisdomSocietyName];[GetStarryWisdomSocietyName];[GetStarryWisdomSocietyName];;[GetStarryWisdomSocietyName];;;;;;;;;x
starry_wisdom_real;The Bookeepers of the King in Yellow;;;;;;;;;;;;;x
starry_wisdom_random;The Lovers of [occultist.GetRandomEvilGodNameCap];Adorateurs du [occultist.GetRandomEvilGodNameCap];Die Liebhaber von [occultist.GetRandomEvilGodNameCap];;Amantes de [occultist.GetRandomEvilGodNameCap];;;;;;;;;x
starry_wisdom_desc;[GetStarryWisdomSocietyDesc];[GetStarryWisdomSocietyDesc];[GetStarryWisdomSocietyDesc];;[GetStarryWisdomSocietyDesc];;;;;;;;;x
starry_wisdom_desc_real;Lurking in the shadows, the Bookeepers maintain and create the book of their dark master, the King in Yellow, spreading its foul influence throughout the world. Those who have read the book are said to be marked by the Yellow Sign, and cursed with the knowledge of the King in Yellow and his followers. The only relief for those marked is to become a Bookkeeper, and spread the King's corruption further throughout the world;;;;;;;;;x
String_Starry_wisdom;the Church of Starry Wisdom;;;;;;;;;;;;;x
starry_wisdom_leader_desc;[GetSocietyLeaderDesc].;;;;;;;;;x
starry_wisdom_rank_1_female;Follower;;;;;;;;;x
starry_wisdom_rank_1_male;Follower;;;;;;;;;x
starry_wisdom_rank_2_female;Bookeeper;;;;;;;;;x
starry_wisdom_rank_2_male;Bookeeper;;;;;;;;;x
starry_wisdom_rank_3_female;High Bookeeper;;;;;;;;;x
starry_wisdom_rank_3_male;High Bookeeper;;;;;;;;;x
starry_wisdom_rank_4_female;Great Librarian;;;;;;;;;x
starry_wisdom_rank_4_male;Great Librarian;;;;;;;;;x
currency_name_starry_wisdom;Dark Power;Pouvoir obscur;Dunkle Macht;;Poder oscuro;;;;;;;;;x
;;;;;;;;;;;;;;;
unseelie_petitioners;[GetUnseeliePetitionersSocietyName];[GetUnseeliePetitionersSocietyName];[GetUnseeliePetitionersSocietyName];;[GetUnseeliePetitionersSocietyName];;;;;;;;;x
unseelie_petitioners_real;The Unseelie Court;;;;;;;;;;;;;x
unseelie_petitioners_random;The Lovers of [novelist.GetRandomEvilGodNameCap];Adorateurs du [novelist.GetRandomEvilGodNameCap];Die Liebhaber von [novelist.GetRandomEvilGodNameCap];;Amantes de [novelist.GetRandomEvilGodNameCap];;;;;;;;;x
unseelie_petitioners_desc;[GetUnseeliePetitionersSocietyDesc];[GetUnseeliePetitionersSocietyDesc];[GetUnseeliePetitionersSocietyDesc];;[GetUnseeliePetitionersSocietyDesc];;;;;;;;;x
unseelie_petitioners_desc_real;The Unseelie Court is said to be founded by corrupted fairies. There are many myths about it, such as its members provided materials for Frankenstein's unholy work. Some consider these just tales but others believe they still hold gatherings in the forests at midnight...;;;;;;;;;x
unseelie_petitioners_leader_desc;The Grand Master of the Illuminati.;;;;;;;;;x
unseelie_petitioners_rank_1_female;Courtesan;Courtesan;Courtesan;;Courtesan;;;;;;;;;x
unseelie_petitioners_rank_1_male;Courtier;Courtier;Courtier;;Courtier;;;;;;;;;x
unseelie_petitioners_rank_2_female;Petitioner;Petitioner;Petitioner;;Petitioner;;;;;;;;;x
unseelie_petitioners_rank_2_male;Petitioner;Petitioner;Petitioner;;Petitioner;;;;;;;;;x
unseelie_petitioners_rank_3_female;Councillor;Councillor;Councillor;;Councillor;;;;;;;;;x
unseelie_petitioners_rank_3_male;Councillor;Councillor;Councillor;;Councillor;;;;;;;;;x
unseelie_petitioners_rank_4_female;Shadow Queen;Shadow Queen;Shadow Queen;;Shadow Queen;;;;;;;;;x
unseelie_petitioners_rank_4_male;Shadow King;Shadow King;Shadow King;;Shadow King;;;;;;;;;x
currency_name_unseelie_petitioners;Dark Power;Pouvoir obscur;Dunkle Macht;;Poder oscuro;;;;;;;;;x
;;;;;;;;;;;;;;;
order_st_george_currency;Devotion;Dévotion;Hingabe;;Devoción;;;;;;;;;x
string_battle_nick_nousthreskeia_symbol;the Caller;;;;;;;;;;;;;x
string_nousthreskeia_symbol;the Awoken;;;;;;;;;;;;;x
string_nousthreskeia_symbol_cap;the Awoken;;;;;;;;;;;;;x
string_nousthreskeia_symbol_short;awoken;;;;;;;;;;;;;x
string_nousthreskeia_symbol_short_cap;Awoken;;;;;;;;;;;;;x
###############
warrior_lodge_starist;The Hunters of the Great Reindeer;;;;;;;;;x
warrior_lodge_starist_desc;Established to primarily partake in the hunting rituals of the northern tribesmen it has existed for centuries to re-enact the hunt of the great Reindeer which can now be found in the sky.;;;;;;;;;x
warrior_lodge_starist_rank_1_male;Initiate;;;;;;;;;x
warrior_lodge_starist_rank_1_female;Initiate;;;;;;;;;x
warrior_lodge_starist_rank_2_male;Warrior;;;;;;;;;x
warrior_lodge_starist_rank_2_female;Warrior;;;;;;;;;x
warrior_lodge_starist_rank_3_male;Veteran;;;;;;;;;x
warrior_lodge_starist_rank_3_female;Veteran;;;;;;;;;x
warrior_lodge_starist_rank_4_male;Champion;;;;;;;;;x
warrior_lodge_starist_rank_4_female;Champion;;;;;;;;;x
string_starist_symbol;the astrologers;;;;;;;;;;;;;x
string_starist_symbol_cap;the Astrologers;;;;;;;;;;;;;x
string_starist_symbol_short;astrologer;;;;;;;;;;;;;x
string_starist_symbol_short_cap;Astrologer;;;;;;;;;;;;;x
string_battle_nick_starist_symbol;the Hunter;;;;;;;;;;;;;x
string_WL_starist_religion;§Y[starist_pagan_reformed.GetName]§! religion;la religion §Y[starist_pagan_reformed.GetName]§!;§Y[starist_pagan_reformed.GetName]en§! Religion;;Religión §Y[starist_pagan_reformed.GetName]§!;;;;;;;;;x
###############
warrior_lodge_iranian;Zourkaneh League;;;;;;;;;x
warrior_lodge_iranian_desc;The remaining Iranic religions in Iran and elsewhere have always been on the defensive both culturally and physically. After the chaos of the event, it has led to the formation of the Zourkaneh League, that aspires to train prospecting individuals in the martial arts of Zourkaneh and preserve their culture at the same time. It was later expanded to also allow those of Iranian Heritage to join regardless of their faith.;;;;;;;;;x
warrior_lodge_iranian_rank_1_male;Initiate;;;;;;;;;x
warrior_lodge_iranian_rank_1_female;Initiate;;;;;;;;;x
warrior_lodge_iranian_rank_2_male;Fighter;;;;;;;;;x
warrior_lodge_iranian_rank_2_female;Fighter;;;;;;;;;x
warrior_lodge_iranian_rank_3_male;Veteran;;;;;;;;;x
warrior_lodge_iranian_rank_3_female;Veteran;;;;;;;;;x
warrior_lodge_iranian_rank_4_male;Champion;;;;;;;;;x
warrior_lodge_iranian_rank_4_female;Champion;;;;;;;;;x
has_liege_vassal_or_neighbor_of_iranyasna_religion_tt;Has a §YLiege§!, §YVassal§!, or a §Yneighbouring ruler§! who follows a §Y[zoroastrian_group.GetGroupName]§! faith or is of a §Y[iranian.GetGroupName]§! culture\n;A un §Yseigneur lige§!, un §Yvassal§! ou un §Yseigneur voisin§! qui suit la foi §Y[zoroastrian_group.GetGroupName]§!\n;Hat einen §YLehnsherrn§!, §YVasallen§! oder §Ybenachbarten Herrscher§!, der dem §Y[zoroastrian_group.GetGroupName]§! Glauben folgt\n;;Tiene un §Yseñor§!, §Yvasallo§!, o §Ygobernante vecino§! que sigue la fe §Y[zoroastrian_group.GetGroupName]§!\n;;;;;;;;;x
string_iranian_symbol;the wrestlers;;;;;;;;;;;;;x
string_iranian_symbol_cap;the Wrestlers;;;;;;;;;;;;;x
string_iranian_symbol_short;wrestler;;;;;;;;;;;;;x
string_iranian_symbol_short_cap;Wrestler;;;;;;;;;;;;;x
string_battle_nick_iranian_symbol;the Wrestler;;;;;;;;;;;;;x
string_WL_iranian_religion;§Y[zoroastrian_group.GetGroupName]§! religion;;;;;;;;;;x